,CID,IsomericSMILES,AATSC0i,ATSC3c,NaaS,PEOE_VSA4,FCSP3,C1SP2,EState_VSA4,ATSC7d,NssS,SaaNH,nAHRing,JGI3,nCl,Xch-7dv,AATSC1v,RPCG,SMR_VSA6,SaaO,AATS1m,ATSC5se,JGI8,NdssC,JGI6,nBase,ATSC3m,nFaHRing,n8FHRing,IC2,n9FARing,NdsCH,n8FRing,JGI7,EState_VSA3,PEOE_VSA10,JGI4,C2SP1,ATSC2dv,PEOE_VSA2,n10FAHRing,PEOE_VSA3,ATSC6se,NssNH,n8FARing,SdsN,NdCH2,SsssN,JGI5,EState_VSA6,IC0,BalabanJ,NtN,SlogP_VSA11,PEOE_VSA9,n8FAHRing
0,61199,CCC1C(=C(C(=O)O1)O)C,1.2485852688434986,0.4614672725871718,0,0.0,0.5714285714285714,1,6.4208216229260096,0.75,0,0.0,1,0.10683760683760682,0,0.09007222035279758,-0.5167301184306646,0.2855779300133456,0.0,0.0,87.96657329999998,-0.7486259200000004,0.0,3,0.0,0,220.6374459,0,0,3.7464393446710154,0,0,0,0.0,5.573104530069267,6.103966387748303,0.04750000000000001,0,59.600000000000016,0.0,0,4.794537184071822,-0.5731668800000003,0,0,0.0,0,0.0,0.0,6.923737199690624,1.4406454496153462,2.5262114342098374,0,0.0,0.0,0
1,7410,CC(=O)C1=CC=CC=C1,1.364558366907708,-0.0006474727359140379,0,0.0,0.125,0,5.563451491696996,0.8408304498269894,0,0.0,0,0.048611111111111105,0,0.016037507477489603,-4.77672432488693e-15,0.27296178481772576,0.0,0.0,84.89021535294118,-0.10963833910034587,0.0,1,0.0,0,-205.4534071418684,0,0,2.8451442836760013,0,0,0,0.0,0.0,0.0,0.03822222222222222,0,-6.152249134948097,4.794537184071822,0,0.0,-0.026130961937716052,0,0,0.0,0,0.0,0.0625,6.923737199690624,1.2639334294856335,2.2283621149350434,0,0.0,0.0,0
2,14286,CC(=O)C1=CC=CC=N1,1.5186953087761197,0.06929986340840306,0,0.0,0.14285714285714285,1,0.0,0.94921875,0,0.0,0,0.048611111111111105,0,0.012422599874998832,-2.2546789774286022,0.2608253033334265,0.0,0.0,92.43590531249998,-0.17615810937500004,0.0,1,0.0,0,-165.22075273828125,0,0,3.4056390622295662,0,0,0,0.0,5.693927994848461,5.693927994848461,0.03822222222222222,0,0.0,9.77851570501903,0,0.0,0.035496046874999715,0,0,0.0,0,0.0,0.0625,24.395944776997908,1.5435644431995963,2.2283621149350434,0,0.0,0.0,0
3,98403,CC(CCCC(C)C=O)CCC=C(C)C,1.2300963740428958,-0.009570658883013602,0,0.0,0.7857142857142857,1,18.624888192216957,0.4759071980963724,0,0.0,0,0.04464285714285713,0,0.0,-2.3319442249219997,0.12885829804432386,0.0,0.0,59.559546250000054,0.011117508625818862,0.008230452674897117,1,0.013605442176870748,0,-513.4824406609158,0,0,3.8692702970899404,0,2,0,0.01171875,0.0,6.286160523129555,0.020000000000000004,0,-26.372397382510407,0.0,0,0.0,0.033432214158239694,0,0,0.0,0,0.0,0.035353535353535345,0.0,1.0767129416796726,3.2899582822645845,0,0.0,0.0,0
4,6501,CCOC(=O)C1C(O1)(C)C2=CC=CC=C2,1.330060570934945,0.09136295873789849,0,0.0,0.4166666666666667,1,5.563451491696996,0.7158145065398348,0,0.0,1,0.08506944444444445,0,0.29984320546361026,-1.0174376380723524,0.23618895457313324,6.606881964512918,0.0,90.5741502666667,-1.6735476908442326,0.010917947425883931,1,0.009160997732426302,0,-31.58604471105831,0,0,3.6899015819921503,0,0,0,0.011863425925925925,6.606881964512918,5.601050810983688,0.041405228758169946,0,18.105826397146245,0.0,0,4.794537184071822,-0.9087635719381689,0,0,0.0,0,0.0,0.03019230769230769,6.923737199690624,1.3725531875543378,1.8706293754944228,0,0.0,6.606881964512918,0
5,6501,CCOC(=O)C1C(O1)(C)C2=CC=CC=C2,1.330060570934945,0.09136295873789849,0,0.0,0.4166666666666667,1,5.563451491696996,0.7158145065398348,0,0.0,1,0.08506944444444445,0,0.29984320546361026,-1.0174376380723524,0.23618895457313324,6.606881964512918,0.0,90.5741502666667,-1.6735476908442326,0.010917947425883931,1,0.009160997732426302,0,-31.58604471105831,0,0,3.6899015819921503,0,0,0,0.011863425925925925,6.606881964512918,5.601050810983688,0.041405228758169946,0,18.105826397146245,0.0,0,4.794537184071822,-0.9087635719381689,0,0,0.0,0,0.0,0.03019230769230769,6.923737199690624,1.3725531875543378,1.8706293754944228,0,0.0,6.606881964512918,0
6,7710,CCCCCC1CCC(=O)O1,1.2171597533114171,-0.05684610312443436,0,0.0,0.8888888888888888,1,12.841643245852019,-2.353909465020577,0,0.0,1,0.06327160493827161,0,0.04647312798543377,-2.0273360383805232,0.3182972285748684,0.0,0.0,71.27104974074075,-0.15576000000000012,0.0,1,0.019274376417233556,0,-146.90328659259268,0,0,3.200288670643577,0,0,0,0.02402210884353741,6.4208216229260096,6.103966387748303,0.029285714285714283,0,22.89437585733882,4.794537184071822,0,0.0,-0.21145600000000003,0,0,0.0,0,0.0,0.02259259259259259,0.0,1.2538013905715868,1.992238661379536,0,0.0,0.0,0
7,31266,CCCCCC(=O)OCC=C,1.2171597533114171,0.012864047389992509,0,0.0,0.6666666666666666,2,19.26246486877803,-1.0000000000000002,0,0.0,0,0.04166666666666667,0,0.0,-5.45059566706522,0.28158548876558087,6.606881964512918,0.0,68.46362392307692,-0.34971199999999986,0.012345679012345675,1,0.00816326530612245,0,81.71119459259262,0,0,3.7821222241453056,0,1,0,0.010416666666666666,13.027703587438928,6.606881964512918,0.030000000000000006,0,16.17009602194788,4.794537184071822,0,0.0,-0.5213759999999998,0,0,0.0,1,0.0,0.015873015873015872,6.076020106833881,1.2538013905715868,3.017123749997144,0,0.0,0.0,0
8,31276,CC(C)CCOC(=O)C,1.1599130406570388,-0.08425712234904081,0,0.0,0.8571428571428571,1,6.4208216229260096,1.9451795841209834,0,0.0,0,0.06249999999999999,0,0.0,-6.799772746790381,0.3342056041124862,6.606881964512918,0.0,66.69599109090909,-0.6769236899810956,0.0,1,0.0,0,-452.8744296899812,0,0,3.3816201079487347,0,0,0,0.0,12.52478801067431,0.0,0.03200000000000001,0,2.376181474480159,4.794537184071822,0,0.0,-0.005039137996219391,0,0,0.0,0,0.0,0.05555555555555555,0.0,1.2646726793957221,2.914658625512464,0,0.0,6.606881964512918,0
9,10890,CCCCCOC(=O)CCC,1.1720754177097514,-0.00514752354283162,0,0.0,0.8888888888888888,1,19.26246486877803,-2.0499405469678953,0,0.0,0,0.041666666666666664,0,0.0,-5.409689215672586,0.2996216957031645,6.606881964512918,0.0,64.43815707142855,-0.9272656361474422,0.012345679012345675,1,0.0163265306122449,0,122.4505440951249,0,0,3.288678408771471,0,0,0,0.0078125,13.027703587438928,0.0,0.020000000000000004,0,21.165279429250905,4.794537184071822,0,0.0,-0.3888386777645658,0,0,0.0,0,0.0,0.018518518518518517,0.0,1.2170163386123156,2.9725776527439676,0,0.0,6.606881964512918,0
10,108505,CCCCCC(=CC1=CC=CC=C1)C(OCC)OCC,1.2827556360926378,0.004510167987250199,0,0.0,0.5555555555555556,0,6.4208216229260096,-7.868055555555554,0,0.0,0,0.033854166666666664,0,0.018518518518518517,-2.20026123187577,0.12664564373090523,13.213763929025836,0.0,71.16417408333338,-0.6543120000000029,0.009842949525489208,1,0.008634222919937205,0,286.02932493749984,0,0,3.9119674481420277,0,1,0,0.008759469696969696,13.213763929025836,0.0,0.028444444444444446,0,27.888888888888882,0.0,0,0.0,-0.4471000000000015,0,0,0.0,0,0.0,0.014660493827160495,0.0,1.1752835873133534,2.5006774753791827,0,0.0,0.0,0
11,98492,CCCCCOC(=O)CC1=CC=CC=C1,1.307442626595251,-0.07432785575658347,0,0.0,0.46153846153846156,1,24.825916360475023,-3.1652892561983474,0,0.0,0,0.0375,0,0.022680460581325723,-1.518876767526446,0.2482440906969764,6.606881964512918,0.0,76.53300009090913,-0.521845098255279,0.0054589737129419665,1,0.014122448979591836,0,-48.536133425160706,0,0,3.813206528961766,0,0,0,0.005425347222222222,13.027703587438928,0.0,0.03008547008547009,0,10.516069788797049,4.794537184071822,0,0.0,-0.833780988062441,0,0,0.0,0,0.0,0.014467592592592593,0.0,1.251534532637368,1.9849609853322128,0,0.0,13.027703587438928,0
12,62433,CCCCCOC(=O)CCCC,1.1763453284353114,-0.010718611793325759,0,0.0,0.9,1,25.683286491704038,-2.62890625,0,0.0,0,0.0375,0,0.0,-4.908009490750891,0.2846684121712701,6.606881964512918,0.0,63.63699016129032,-0.5311685000000003,0.008230452674897117,1,0.01360544217687075,0,124.94200540624996,0,0,3.2272170014624826,0,0,0,0.00625,13.027703587438928,0.0,0.026666666666666672,0,20.0,4.794537184071822,0,0.0,-1.0279237500000002,0,0,0.0,0,0.0,0.013888888888888888,0.0,1.198192411043098,3.023875219830428,0,0.0,6.606881964512918,0
13,122510,CC1CCC2C13CC(C2(C)C)C4(C(C3)O4)C,1.282176606378696,-0.05552188296991433,0,0.0,1.0,0,17.75371813848418,9.845000000000002,0,0.0,1,0.08782679738562092,0,2.089313528567116,4.591351856083731,0.11141621193827554,0.0,0.0,72.72995690697678,-0.3013484699999987,0.0,0,0.02,0,-805.4225112499996,0,0,3.4275671571169286,0,0,0,0.0,16.933947326541862,0.0,0.0775925925925926,0,5.619999999999992,0.0,0,0.0,-0.2296452399999983,0,0,0.0,0,0.0,0.03820987654320987,0.0,1.1058666211014743,1.8534988880649332,0,0.0,11.70501719873199,0
14,637563,C/C=C/C1=CC=C(C=C1)OC,1.3452249271309398,0.013291961368135617,0,0.0,0.2,0,5.749511833283905,-2.0793950850661633,0,0.0,0,0.020833333333333332,0,0.027377737768152464,-2.062800834978305,0.13817480898368958,7.109797541277533,0.0,79.47783143478262,0.10194768998109471,0.0,0,0.026938775510204082,0,-115.49881812098323,0,0,3.6053265004585895,0,2,0,0.015625,0.0,5.749511833283905,0.04777777777777778,0,-4.841209829867673,0.0,0,0.0,0.058470336483930734,0,0,0.0,0,0.0,0.04166666666666667,7.109797541277533,1.208830175294948,2.1364132892501133,0,5.749511833283905,7.109797541277533,0
15,7519,COC1=CC=CC=C1,1.347902661977483,0.018243217611931963,0,0.0,0.14285714285714285,0,5.749511833283905,0.75,0,0.0,0,0.026785714285714284,0,0.013094570021973102,-2.886578070272237,0.1653248172183364,7.109797541277533,0.0,84.17308799999998,-0.0022983750000007963,0.0,0,0.0,0,-131.65427362499997,0,0,2.6800365325772657,0,0,0,0.0,0.0,5.749511833283905,0.05037037037037037,0,-14.359375,0.0,0,0.0,0.0965006249999992,0,0,0.0,0,0.0,0.0625,7.109797541277533,1.271782221599798,2.1250162554146717,0,5.749511833283905,7.109797541277533,0
16,98118,CC(CCCC(C)(C)O)CC=NC1=CC=CC=C1C(=O)OC,1.3228698027753447,-0.14717924256489767,0,0.0,0.5555555555555556,2,25.683286491704038,-1.6476468138275717,0,0.0,0,0.05092592592592592,0,0.026311488763887718,-1.1811217509856469,0.18071750798153108,7.109797541277533,0.0,76.41365971428576,-0.5276354119117032,0.009495464852607709,1,0.016443148688046645,0,-619.1106902378178,0,0,4.333199894738245,0,1,0,0.014910130718954247,17.16874381254195,0.0,0.02648888888888889,0,28.019575177009585,4.992404732635669,0,4.794537184071822,-0.36840051811744995,0,0,4.396814019589317,0,0.0,0.03125,12.13273413692322,1.3658220872470708,2.208430765956358,0,0.0,23.96168611864178,0
17,240,C1=CC=C(C=C1)C=O,1.3700282395869987,0.014268313860890135,0,0.0,0.0,1,11.849612014826551,0.0,0,0.0,0,0.026785714285714284,0,0.018518518518518517,-3.672946671737748e-15,0.254918064639622,0.0,0.0,91.0468117142857,-0.18378710204081566,0.0,0,0.0,0,-62.1411441020408,0,0,2.6384600665861555,0,1,0,0.0,0.0,6.286160523129555,0.05037037037037037,0,-18.0,4.794537184071822,0,0.0,-0.11560367346938741,0,0,0.0,0,0.0,0.0625,12.13273413692322,1.2958363892911637,2.1250162554146717,0,0.0,0.0,0
18,660,C1CC(=O)OC2=CC=CC=C21,1.36755012643909,-0.021337232885052213,0,0.0,0.2222222222222222,1,17.73378494790691,1.4044321329639886,0,0.0,1,0.031249999999999993,0,0.07086153453972865,0.36969111545513167,0.34919102966359794,0.0,0.0,98.58628800000002,-0.07481033795013899,0.0,1,0.04,0,-109.50313335457069,0,0,3.300559092390953,0,0,0,0.0,6.4208216229260096,5.749511833283905,0.06944444444444445,0,11.008310249307485,4.794537184071822,1,0.0,-0.12361083656509715,0,0,0.0,0,0.0,0.020833333333333336,0.0,1.3779630390761746,1.9323192636083935,0,5.749511833283905,6.4208216229260096,0
19,6448,CC(=O)OC1CC2CCC1(C2(C)C)C,1.2504239308872998,-0.04241785259747599,0,0.0,0.9166666666666666,1,12.338727669087403,8.110726643598618,0,0.0,0,0.09752415458937196,0,1.3752881924421279,0.8652397885972518,0.2885396580204329,0.0,0.0,72.85151940000004,0.13164611764705575,0.0,1,0.013333333333333334,0,-837.7381430449828,0,0,3.5124959288493187,0,0,0,0.0,5.41499046939678,6.103966387748303,0.061464646464646486,0,12.944636678200673,4.794537184071822,0,0.0,-0.5839856885813132,0,0,0.0,0,0.0,0.045479797979797974,0.0,1.2210477851797181,2.1857787680990812,0,0.0,0.0,0
20,264,CCCC(=O)O,1.1194859055181212,-0.08174624429251098,0,0.0,0.75,1,6.4208216229260096,0.0,0,0.0,0,0.08333333333333333,0,0.0,-4.290095181246434,0.35871982225031257,0.0,0.0,70.6151499230769,-0.9324946938775481,0.0,1,0.0,0,-75.2216844489797,0,0,3.182005814760214,0,0,0,0.0,6.4208216229260096,0.0,0.0,0,16.897959183673468,4.794537184071822,0,0.0,0.11491224489795815,0,0,0.0,0,0.0,0.0,0.0,1.3787834934861753,2.6272148478988635,0,0.0,0.0,0
21,263,CCCCO,1.070739076144221,0.01653688758320168,0,0.0,1.0,0,12.841643245852019,0.0,0,0.0,0,0.0625,0,0.0,-5.784246784396776,0.38482042202600286,6.606881964512918,0.0,53.574795428571406,-0.22346485333333274,0.0,0,0.0,0,10.641047466666597,0,0,2.9232314287976204,0,0,0,0.0,6.606881964512918,0.0,0.0,0,-8.0,0.0,0,0.0,0.03754245333333281,0,0,0.0,0,0.0,0.0,0.0,1.158938532350277,2.19060968716425,0,0.0,0.0,0
22,103401,CCC(C)C1=CC2=C(C=C1)N=CC=C2,1.448883172761342,0.027307472184060985,0,0.0,0.3076923076923077,1,5.516700717616262,-3.7942925089179544,0,0.0,0,0.028124999999999997,0,0.06338126460057382,0.7804545070686919,0.11529511542155263,0.0,0.0,79.78386823333337,0.07900641141498106,0.02040816326530612,0,0.01749271137026239,0,51.41307319143872,1,0,3.853863219997787,0,0,0,0.017795138888888888,5.917906046161393,0.0,0.05111111111111111,0,27.070154577883475,4.9839785209472085,0,0.0,0.031031158145064987,0,0,0.0,0,0.0,0.03472222222222222,0.0,1.1783577099564695,1.887317921815701,0,0.0,5.516700717616262,0
23,11002,CCCCSCCCC,1.347727946677993,-0.00040727427962479294,0,11.761884949391115,1.0,0,0.0,-0.6913580246913575,1,0.0,0,0.020833333333333332,0,0.0,-2.2795240991378067,0.07516677434387173,11.505707213493578,0.0,71.29452423076923,-0.06990959670781866,0.0,0,0.01360544217687075,0,-39.90097525925927,0,0,2.6989699094106188,0,0,0,0.015625,0.0,0.0,0.016000000000000004,0,-7.072092668800488,0.0,0,0.0,-0.03201294238683137,0,0,0.0,0,0.0,0.013888888888888888,0.0,1.0860486123130382,2.595082706793886,0,0.0,0.0,0
24,2537,CC1(C2CCC1(C(=O)C2)C)C,1.2761344742496885,0.022288952923444863,0,0.0,0.9,0,12.841643245852019,0.0,0,0.0,0,0.10489766081871345,0,1.2301347839105785,2.963214176009887,0.22977315404719809,0.0,0.0,70.45652599999998,-0.06649555555555653,0.0,1,0.0,0,-585.5781567407408,0,0,3.2538013905715877,0,0,0,0.0,11.701150992526333,5.783244946364939,0.037037037037037035,0,9.37037037037038,4.794537184071822,0,0.0,0.0,0,0,0.0,0,0.0,0.0,0.0,1.154173392945927,2.396254979141823,0,0.0,0.0,0
25,439570,CC1=CC[C@H](CC1=O)C(=C)C,1.3135408145442324,-0.002555481886192012,0,0.0,0.5,1,17.567030683064544,2.1295999999999995,0,0.0,0,0.04910714285714285,0,0.07951034543599429,6.122682135150215e-15,0.23343716016445878,0.0,0.0,72.17217724,0.18889332480000065,0.0,3,0.0,0,-424.2496551808,0,0,3.6234651896016477,0,1,0,0.0,12.338727669087403,0.0,0.08166666666666667,0,-6.792,4.794537184071822,0,0.0,-0.4484217728000003,0,0,0.0,1,0.0,0.04722222222222222,0.0,1.1829661954675212,2.3956341215135133,0,0.0,0.0,0
26,5281522,C/C/1=C/CCC(=C)[C@H]2CC([C@@H]2CC1)(C)C,1.2939438315855605,-0.041976801667381734,0,0.0,0.7333333333333333,1,11.835812092322787,7.332018408941486,0,0.0,0,0.09375,0,0.686886723926607,2.131383795874291,0.0762417755621824,0.0,0.0,64.96990120000004,-0.02525964497041502,0.0,2,0.018888888888888886,0,-728.5451547514799,0,0,4.060416641661804,0,1,0,0.0,5.41499046939678,0.0,0.047878787878787875,0,-23.396449704142018,0.0,0,0.0,-0.02989057988165799,0,0,0.0,1,0.0,0.04214814814814815,5.573104530069267,0.9612366047228759,2.0301889859084046,0,0.0,0.0,0
27,92292,CC1C(C2=C(C1(C)C)C(=O)CCC2)(C)C,1.2868103407415397,-0.018079616405782914,0,0.0,0.7857142857142857,0,19.26246486877803,7.599707815924033,0,0.0,0,0.12060185185185188,0,0.6917922680142146,2.1696772710007113,0.21266454635136497,0.0,0.0,69.0126773684211,-0.6166829744338924,0.0,3,0.0,0,-369.1167968071591,0,0,3.139092313355227,1,0,0,0.0,11.701150992526333,0.0,0.044299516908212565,0,35.06062819576335,4.794537184071822,0,0.0,-0.31782274945215633,0,0,0.0,0,0.0,0.03666666666666667,0.0,1.1172786489038957,2.392107901628472,0,0.0,0.0,0
28,28500,CCC=C1C2=CC=CC=C2C(=O)O1,1.3679881962067473,-0.028518999358402,0,0.0,0.18181818181818182,1,11.984273114623004,3.260869565217392,0,0.0,1,0.07716049382716048,0,0.09876250394660599,0.3413404510010707,0.33533228011583915,0.0,0.0,95.18617408333331,-1.1235439999999977,0.0,2,0.015102040816326531,0,384.18516653875224,0,0,3.7081320646586016,1,1,0,0.027777777777777776,11.322616363353172,5.759164871656176,0.0273015873015873,0,63.0,0.0,0,4.794537184071822,-0.31044800000000056,0,0,0.0,0,0.0,0.036041666666666666,6.06636706846161,1.3377780971924957,1.9939807438125503,0,0.0,5.563451491696996,0
29,6982,CC1=CC(=C(C=C1Cl)C(C)C)O,1.281662922830725,0.0014617213709905831,0,0.0,0.4,0,16.149536297135317,3.4559999999999995,0,0.0,0,0.06617647058823528,1,0.06580119341077637,1.6532776633330328,0.3458151367136401,0.0,0.0,88.88028788000005,-0.34490843999999865,0.0,0,0.0,0,-71.68501030879986,0,0,3.6732696895151085,0,0,0,0.0,11.6674178794453,5.749511833283905,0.07037037037037037,0,20.363713580246923,0.0,0,0.0,-0.4540455600000001,0,0,0.0,0,0.0,0.03935185185185186,6.06636706846161,1.390856298386412,2.551380301212899,0,5.749511833283905,0.0,0
30,637511,C1=CC=C(C=C1)/C=C/C=O,1.369295230266727,-0.008020479057822648,0,0.0,0.0,1,11.849612014826551,0.8024691358024694,0,0.0,0,0.020833333333333332,0,0.018518518518518517,-1.0175283540740645e-14,0.20540492101591137,0.0,0.0,88.18876566666667,0.12080399999999968,0.0,0,0.020136054421768707,0,-102.04400599999997,0,0,2.7029043371886066,0,3,0,0.027777777777777776,0.0,6.286160523129555,0.025185185185185185,0,-24.666666666666668,4.794537184071822,0,0.0,-0.14041999999999957,0,0,0.0,0,0.0,0.018055555555555554,6.076020106833881,1.2516291673878228,2.017237221657055,0,0.0,0.0,0
31,638011,CC(=CCC/C(=C/C=O)/C)C,1.2761344742496885,-0.045063129267436275,0,0.0,0.5,1,24.70090829905084,-1.1111111111111116,0,0.0,0,0.05555555555555555,0,0.0,-3.191153728010644,0.1899484803912067,0.0,0.0,64.77901869230769,-0.26637645541838123,0.0,2,0.013605442176870748,0,-510.2475270905349,0,0,3.2258425941951625,0,3,0,0.020833333333333332,0.0,6.286160523129555,0.020000000000000004,0,-24.444444444444443,4.794537184071822,0,0.0,-0.013336417009602301,0,0,0.0,0,0.0,0.037037037037037035,6.076020106833881,1.154173392945927,3.099620830487699,0,0.0,0.0,0
32,1551246,CC(=CCC/C(=C/C#N)/C)C,1.3910449378581125,-0.040586621165497536,0,5.261891554738487,0.5,0,18.414747775921285,-0.5857988165680466,0,0.0,0,0.05555555555555555,0,0.0,-3.1313941249084793,0.14888463719905173,0.0,0.0,65.92885943999998,-0.12164090532544376,0.0,2,0.013605442176870748,0,-517.5639197322486,0,0,3.1125853906355423,0,2,0,0.020833333333333332,0.0,0.0,0.020000000000000004,0,-18.28994082840236,0.0,0,0.0,0.020935177514792694,0,0,0.0,0,0.0,0.037037037037037035,6.076020106833881,1.1687997226410385,3.099620830487699,1,0.0,6.069221312792274,0
33,323,C1=CC=C2C(=C1)C=CC(=O)O2,1.367749583095618,0.012796517142658786,0,0.0,0.0,1,5.386224214464796,1.1695501730103806,0,0.0,0,0.03125,0,0.053964037245556554,0.03885089591138679,0.3718010460814285,0.0,4.906064814814815,108.195088,-0.1803677785467131,0.0,0,0.04,0,-43.71394588235294,1,0,3.0574760762899316,0,0,0,0.0,5.583020141642242,5.583020141642242,0.06944444444444445,0,6.730103806228372,0.0,0,4.794537184071822,-0.23778224221453279,0,0,0.0,0,0.0,0.020833333333333336,12.13273413692322,1.3792804872910605,1.9323192636083937,0,0.0,0.0,0
34,342,CC1=CC(=CC=C1)O,1.347902661977483,-0.043652663687295055,0,0.0,0.14285714285714285,0,5.563451491696996,0.0,0,0.0,0,0.07142857142857142,0,0.040200377652776606,2.617447800256296,0.3908163629036553,0.0,0.0,81.43059025,-0.4234190624999994,0.0,0,0.0,0,-348.8184081874999,0,0,3.202819531114783,0,0,0,0.0,5.749511833283905,5.749511833283905,0.07407407407407407,0,-6.484375,0.0,0,0.0,0.12522343749999923,0,0,0.0,0,0.0,0.0,12.13273413692322,1.271782221599798,2.2306376583301173,0,5.749511833283905,0.0,0
35,2879,CC1=CC=C(C=C1)O,1.347902661977483,-0.03240449423579543,0,0.0,0.14285714285714285,0,0.0,0.75,0,0.0,0,0.03571428571428571,0,0.040200377652776606,2.6174478002562935,0.3908747623595893,0.0,0.0,81.43059025,0.18685393749999907,0.0,0,0.0,0,-348.8184081874999,0,0,3.202819531114783,0,0,0,0.0,5.749511833283905,5.749511833283905,0.1511111111111111,0,-7.484375,0.0,0,0.0,-0.375168749999999,0,0,0.0,0,0.0,0.0,12.13273413692322,1.271782221599798,2.1923771580194713,0,5.749511833283905,0.0,0
36,8797,CC1=CC=C(C=C1)OC(=O)C,1.3426112511890915,-0.12900916875223928,0,0.0,0.2222222222222222,1,5.563451491696996,-2.4444444444444446,0,0.0,0,0.045454545454545456,0,0.03911800806844064,-2.153155302513942,0.33477054622036584,0.0,0.0,88.1750388095238,-0.08185126530612274,0.0,1,0.05387755102040817,0,-519.0995149795921,0,0,3.2728043273346197,0,0,0,0.0,5.749511833283905,5.749511833283905,0.0627777777777778,0,8.281179138321999,4.794537184071822,0,0.0,-0.574066122448979,0,0,0.0,0,0.0,0.028935185185185185,12.13273413692322,1.3566695198333112,2.1712966618489173,0,5.749511833283905,0.0,0
37,7731,CC1=CC=C(C=C1)OC,1.334705650749057,0.00043908896217554553,0,0.0,0.25,0,5.749511833283905,1.3462603878116337,0,0.0,0,0.027777777777777776,0,0.03911800806844064,-2.5348831408493298,0.1603739720559252,7.109797541277533,0.0,79.74987921052632,0.19232223822714567,0.0,0,0.0,0,-295.0559368864264,0,0,3.326360407952693,0,0,0,0.0,0.0,5.749511833283905,0.08555555555555558,0,-10.781163434903045,0.0,0,0.0,-0.26441294182825437,0,0,0.0,0,0.0,0.05902777777777778,7.109797541277533,1.2363864108712896,2.1804017457062086,0,5.749511833283905,7.109797541277533,0
38,7685,CC1=CC=C(C=C1)OC(=O)C(C)C,1.3226515631834255,0.030083703460798947,0,0.0,0.36363636363636365,1,5.563451491696996,-3.709190672153635,0,0.0,0,0.03333333333333333,0,0.03911800806844064,-1.7857327079869403,0.30652994803338784,0.0,0.0,81.06045959259258,-0.09121111659807946,0.0,1,0.02892128279883383,0,-217.19586116323742,0,0,3.6339740759971573,0,0,0,0.029513888888888888,5.749511833283905,5.749511833283905,0.06622222222222222,0,36.308641975308646,4.794537184071822,0,0.0,-0.6339705788751705,0,0,0.0,0,0.0,0.02847222222222222,12.13273413692322,1.297231327577664,2.2196963831282037,0,5.749511833283905,5.917906046161393,0
39,326,CC(C)C1=CC=C(C=C1)C=O,1.3452249271309398,0.015600595732923756,0,0.0,0.3,1,11.849612014826551,-0.12476370510397036,0,0.0,0,0.038461538461538464,0,0.032075014954979206,-1.4927800867149597e-15,0.21316765249564834,0.0,0.0,77.39522847826088,-0.023752937618148836,0.0,0,0.0272108843537415,0,-163.6282896786391,0,0,3.4144413036949723,0,1,0,0.0,5.917906046161393,6.286160523129555,0.052777777777777785,0,1.442344045368623,4.794537184071822,0,0.0,0.15871373913043346,0,0,0.0,0,0.0,0.07465277777777779,0.0,1.208830175294948,2.242704555869001,0,0.0,0.0,0
40,101150,CC1CC(=CC(C1C=O)C)C,1.2761344742496885,-0.038319047690417926,0,0.0,0.7,1,12.706982146055566,0.9958847736625515,0,0.0,0,0.08333333333333333,0,0.14053159077908364,-6.1033940385003455e-15,0.1760054008410013,0.0,0.0,67.72291137037037,-0.7333799945130306,0.0,1,0.0,0,-370.0322454924554,0,0,3.8561962982193796,0,2,0,0.0,11.835812092322787,6.286160523129555,0.05131313131313131,0,-9.925925925925926,0.0,0,0.0,0.3956364060356643,0,0,0.0,0,0.0,0.05902777777777778,0.0,1.154173392945927,2.5157909347380416,0,0.0,0.0,0
41,62105,CC1(CSC(CS1)(C)O)O,1.5789650483728082,-0.09145909061125741,0,0.0,1.0,0,0.0,3.3057851239669427,2,0.0,1,0.045454545454545456,0,0.5427050983124843,6.469383409647025,0.20097000101140647,11.505707213493578,0.0,120.68181663636369,1.3754947438016516,0.0,0,0.0,0,-1870.6125239173562,0,0,2.8453509366224363,0,0,0,0.0,11.505707213493578,9.866165589608936,0.19111111111111106,0,-23.748393021120293,0.0,0,0.0,-1.1987188099173542,0,0,0.0,0,0.0,0.0,13.847474399381248,1.6171895725927152,2.4619689397977487,0,0.0,0.0,0
42,13006,C1CCC(=O)C(=O)C1,1.2856475810419363,0.09925201068939431,0,0.0,0.6666666666666666,0,12.841643245852019,0.0,0,0.0,0,0.046875,0,0.05103103630798288,1.2434497875801753e-14,0.2941451714339014,0.0,0.0,84.17308799999998,-0.5189219999999994,0.0,2,0.0,0,71.78400000000002,0,0,2.5,0,0,0,0.0,12.841643245852019,0.0,0.1111111111111111,0,14.875,9.589074368143644,0,0.0,0.0,0,0,0.0,0,0.0,0.0,0.0,1.4056390622295665,2.279400270958367,0,0.0,0.0,0
43,7966,C1CCC(CC1)O,1.1827596597138936,-0.003976278228232766,0,0.0,1.0,0,12.841643245852019,0.0,0,0.0,0,0.037500000000000006,0,0.04564354645876384,1.612194523371612,0.34960147399434394,0.0,0.0,63.52914078947368,-0.052373185595568486,0.0,0,0.0,0,-209.97232840720213,0,0,2.1440239107574226,0,0,0,0.0,0.0,0.0,0.1111111111111111,0,-9.739612188365651,0.0,0,0.0,0.02185150138504132,0,0,0.0,0,0.0,0.0,0.0,1.1674367232867007,2.122917949959366,0,0.0,6.103966387748303,0
44,6660,CC1=C(C(=O)CC1)O,1.2856475810419363,0.24780323496249768,0,0.0,0.5,0,11.993926152995277,0.0,0,0.0,0,0.09895833333333333,0,0.06487725448742977,2.4828826652483094,0.33210435037818725,0.0,0.0,84.42433199999999,-0.026289000000000867,0.0,3,0.0,0,-148.40803599999995,0,0,3.202819531114783,0,0,0,0.0,6.4208216229260096,0.0,0.0,0,12.75,4.794537184071822,0,0.0,0.0,0,0,0.0,0,0.0,0.0,6.923737199690624,1.4056390622295665,2.436078332988114,0,0.0,0.0,0
45,236687,CC1COC(O1)C(C)C2=CC=CC=C2,1.314527977316195,-0.0033573837954311977,0,0.0,0.5,0,0.0,0.8311111111111129,0,0.0,1,0.060866013071895424,0,0.07521966997183283,-0.905704060525206,0.14539258268954663,6.606881964512918,0.0,82.2346675806452,-0.17852575999999984,0.02040816326530612,0,0.018786848072562354,0,-358.1004414000002,0,0,3.777747162910945,0,0,0,0.01171875,12.52478801067431,0.0,0.03400793650793651,0,-0.7377777777777792,0.0,0,0.0,-0.15272911999999966,0,0,0.0,0,0.0,0.01912037037037037,0.0,1.272905595320056,1.8355847648834018,0,0.0,12.71084835226122,0
46,5283349,CCCCC/C=C/C=C/C=O,1.2761344742496885,-0.0030949177666109496,0,0.0,0.5,1,12.706982146055566,-0.6666666666666669,0,0.0,0,0.015625,0,0.0,-3.191153728010645,0.18011023214380398,0.0,0.0,64.77901869230769,0.04084514677640579,0.008230452674897117,0,0.00816326530612245,0,79.20327296021948,0,0,3.754163427768881,0,5,0,0.0078125,0.0,6.286160523129555,0.01142857142857143,0,-8.555555555555554,4.794537184071822,0,0.0,0.02632359396433455,0,0,0.0,0,0.0,0.009259259259259259,6.076020106833881,1.154173392945927,2.6909155266923976,0,0.0,0.0,0
47,7044,C1CCC2CCCCC2C1,1.2551585254092075,-0.008510588719157261,0,0.0,1.0,0,11.835812092322787,1.4693877551020411,0,0.0,0,0.020833333333333332,0,0.23570226039551584,3.208184463155705,0.062353721981139656,0.0,0.0,62.23561775862067,0.00992199999999923,0.0,0,0.0,0,-224.2191901377551,0,0,1.807354922057604,0,0,0,0.0,0.0,0.0,0.0474074074074074,0,-8.816326530612242,0.0,0,0.0,0.029039999999999386,0,0,0.0,0,0.0,0.0,25.683286491704038,0.9402859586706311,1.9253677344386608,0,0.0,0.0,0
48,8148,CCCCNCCCC,1.1904929675708904,0.010414311655497282,0,0.0,1.0,0,0.0,-0.75,0,0.0,0,0.020833333333333332,0,0.0,-5.028876476035528,0.18827439665699194,13.08951281182515,0.0,53.11509333333332,-0.1577039999999997,0.0,0,0.01360544217687075,1,-1.6773767729592208,0,0,2.824862957617356,0,0,0,0.015625,0.0,0.0,0.016000000000000004,0,-9.923469387755102,0.0,0,0.0,-0.003620250000000415,1,0,0.0,0,0.0,0.013888888888888888,0.0,1.0676898236494567,2.595082706793886,0,0.0,0.0,0
49,9609,CCSCC,1.4524136836855548,-0.012849016362580219,0,11.761884949391115,1.0,0,0.0,0.0,1,0.0,0,0.0625,0,0.0,-4.1050286157783615,0.12827132522312526,11.505707213493578,0.0,84.26746014285716,0.01655927999999926,0.0,0,0.0,0,-529.69404536,0,0,2.072905595320056,0,0,0,0.0,0.0,0.0,0.0,0,-1.2839506172839505,0.0,0,0.0,0.03849443999999936,0,0,0.0,0,0.0,0.0,0.0,1.158938532350277,2.19060968716425,0,0.0,0.0,0
50,24915,CCCC(=O)OC(C)(C)CC1=CC=CC=C1,1.3012365060908015,-0.17628023949719235,0,0.0,0.5,1,12.841643245852019,3.283950617283949,0,0.0,0,0.0798611111111111,0,0.022680460581325723,-1.4121802682818014,0.25075304425071215,0.0,0.0,74.83520277777784,-1.7495148641975296,0.008860334257159652,1,0.017080062794348507,0,-695.9572256790125,0,0,3.5895401961761704,0,0,0,0.008246527777777778,6.4208216229260096,5.601050810983688,0.03321637426900585,0,14.111111111111123,4.794537184071822,0,0.0,0.15283091358024667,0,0,0.0,0,0.0,0.027314814814814806,0.0,1.2326602568158205,2.3080683154008073,0,0.0,0.0,0
51,7632,CC(C)(CCC1=CC=CC=C1)O,1.3052699232215648,-0.11900776222883752,0,0.0,0.45454545454545453,0,12.841643245852019,-1.2244897959183665,0,0.0,0,0.02840909090909091,0,0.022680460581325723,1.3039850670656037,0.24480706286595594,0.0,0.0,70.60009400000003,0.2627710816326526,0.0,0,0.020524781341107877,0,-929.374055,0,0,3.454701244167346,0,0,0,0.027777777777777776,0.0,0.0,0.05888888888888889,0,-22.39285714285714,0.0,0,0.0,-0.13482759183673446,0,0,0.0,0,0.0,0.03472222222222222,0.0,1.1625782147358088,2.1313937499443556,0,0.0,5.601050810983688,0
52,22201,CC1=NC=CN=C1C,1.5821573073122488,0.018635951706231862,0,0.0,0.3333333333333333,2,11.387855989696922,0.0,0,0.0,0,0.046875,0,0.03333333333333333,-5.058666082756633,0.15380215982100312,0.0,0.0,84.1790935,0.24299099999999796,0.0,0,0.0,0,-275.44198299999994,0,0,2.4056390622295662,0,0,0,0.0,0.0,0.0,0.1111111111111111,0,1.90625,9.967957041894417,0,0.0,0.10613399999999931,0,0,0.0,0,0.0,0.0,12.393687143226153,1.4056390622295665,2.2794002709583667,0,0.0,11.387855989696922,0
53,31252,CC1=CN=C(C=N1)C,1.5821573073122488,0.005043229110780653,0,0.0,0.3333333333333333,2,11.387855989696922,2.25,0,0.0,0,0.03571428571428571,0,0.03333333333333333,-5.058666082756633,0.1541802748108708,0.0,0.0,84.1790935,0.10750599999999899,0.0,0,0.0,0,-396.50799199999994,0,0,3.0306390622295662,0,0,0,0.0,0.0,0.0,0.1511111111111111,0,-0.09375,9.967957041894417,0,0.0,-0.016758000000000228,0,0,0.0,0,0.0,0.0,12.393687143226153,1.4056390622295665,2.1923771580194713,0,0.0,11.387855989696922,0
54,12265,CC1=CC=C(N1)C,1.4351522266058072,-0.1359941717383678,0,0.0,0.3333333333333333,0,0.0,0.0,0,3.138888888888889,0,0.1423611111111111,0,0.041666666666666664,-0.7777061863615911,0.3353224161856457,0.0,0.0,73.04828243749998,0.02103018750000033,0.0,0,0.0,0,-566.2512373320311,0,0,2.5306390622295662,0,0,0,0.0,0.0,0.0,0.0,0,-4.8125,0.0,0,0.0,0.08186751562500036,0,0,0.0,0,0.0,0.0,0.0,1.2475562489182659,2.2571532373031413,0,0.0,0.0,0
55,19310,CSSSC,2.1424806122709903,-0.004195693267554098,0,0.0,1.0,0,0.0,0.0,3,0.0,0,0.0625,0,0.0,6.1129539272138596,0.16666666666666669,12.511538367022808,0.0,289.84750479999997,-0.02024494214876048,0.0,0,0.0,0,-1270.9459859504136,0,0,1.6858157091530304,0,0,0,0.0,0.0,0.0,0.0,0,0.6097337006427915,0.0,0,0.0,0.14641058677685867,0,0,0.0,0,0.0,0.0,31.413706956155778,1.4353713907745331,2.19060968716425,0,0.0,0.0,0
56,78484,CCCCCCOC,1.1305785894009919,0.008285877495260049,0,0.0,1.0,0,6.606881964512918,-0.1875,0,0.0,0,0.025,0,0.0,-7.180603177742293,0.08843415712466254,13.716679505790452,0.0,56.49399960869564,-0.02392958333333353,0.0,0,0.020408163265306124,0,-81.29051125,0,0,3.022055208874201,0,0,0,0.0,0.0,0.0,0.020000000000000004,0,-19.8125,0.0,0,0.0,-0.036811833333333356,0,0,0.0,0,0.0,0.018518518518518517,7.109797541277533,1.0994839817876882,2.53006045688352,0,0.0,0.0,0
57,7583,C1=CC=C(C=C1)OC2=CC=CC=C2,1.3662404304506033,-0.012224210195937652,0,0.0,0.0,0,11.49902366656781,0.2570888468809076,0,0.0,0,0.02678571428571428,0,0.026189140043946204,0.25687961393993014,0.14215588077083632,0.0,0.0,93.19034625,-0.2068542911153118,0.0,0,0.009795918367346938,0,-111.26263373913046,0,0,2.1440377841787277,0,0,0,0.012152777777777776,0.0,11.49902366656781,0.03022222222222222,0,-8.58979206049149,0.0,0,0.0,0.007492688090736774,0,0,0.0,0,0.0,0.0013888888888888896,0.0,1.208830175294948,1.6872141191211394,0,11.49902366656781,0.0,0
58,7762,CCCC(=O)OCC,1.1508369018627587,-0.03037047070279785,0,0.0,0.8333333333333334,1,6.4208216229260096,1.6200000000000003,0,0.0,0,0.0625,0,0.0,-7.802189529917552,0.3552485308237684,6.606881964512918,0.0,68.35965826315787,-1.1568937599999982,0.0,1,0.0,0,63.32874599999991,0,0,3.246439344671016,0,0,0,0.0,13.027703587438928,0.0,0.016000000000000004,0,20.159999999999997,4.794537184071822,0,0.0,0.22982175999999854,0,0,0.0,0,0.0,0.027777777777777776,0.0,1.295461844238322,2.919612641438553,0,0.0,6.606881964512918,0
59,7749,CCC(=O)OCC,1.1382116738284762,0.0007114959938804,0,0.0,0.8,1,0.0,0.7785467128027685,0,0.0,0,0.05,0,0.0,-9.151236570557046,0.37949699464457887,6.606881964512918,0.0,70.647200625,-0.31160747404844263,0.0,1,0.0,0,52.23851660899649,0,0,2.939829017466402,0,0,0,0.0,13.027703587438928,0.0,0.026666666666666672,0,18.775086505190316,4.794537184071822,0,0.0,0.3643435847750865,0,0,0.0,0,0.0,0.0,13.847474399381248,1.3328204045850196,2.8318199660707846,0,0.0,6.606881964512918,0
60,26331,CCC1=NC=CN=C1,1.5821573073122488,0.03488188518530342,0,0.0,0.3333333333333333,3,12.114749617774471,0.75,0,0.0,0,0.026785714285714284,0,0.013608276348795434,-5.058666082756632,0.14550658924167392,0.0,0.0,84.1790935,-0.10010700000000046,0.0,0,0.0,0,-9.73598899999999,0,0,3.327819531114783,0,0,0,0.0,0.0,0.0,0.05037037037037037,0,5.65625,9.967957041894417,0,0.0,0.07727299999999927,0,0,0.0,0,0.0,0.0625,18.59053071483923,1.4056390622295665,2.1250162554146717,0,0.0,5.693927994848461,0
61,26331,CCC1=NC=CN=C1,1.5821573073122488,0.03488188518530342,0,0.0,0.3333333333333333,3,12.114749617774471,0.75,0,0.0,0,0.026785714285714284,0,0.013608276348795434,-5.058666082756632,0.14550658924167392,0.0,0.0,84.1790935,-0.10010700000000046,0.0,0,0.0,0,-9.73598899999999,0,0,3.327819531114783,0,0,0,0.0,0.0,0.0,0.05037037037037037,0,5.65625,9.967957041894417,0,0.0,0.07727299999999927,0,0,0.0,0,0.0,0.0625,18.59053071483923,1.4056390622295665,2.1250162554146717,0,0.0,5.693927994848461,0
62,2758,CC1(C2CCC(O1)(CC2)C)C,1.2361962596502984,-0.11251751704737607,0,0.0,1.0,0,5.917906046161393,0.0,0,0.0,2,0.078125,0,0.3978259866524645,1.1564571501126208,0.1056525971916403,0.0,0.0,68.16322573333335,0.14660305350772548,0.0,0,0.0,0,-978.7484896504166,0,1,2.6757667704674244,0,0,1,0.0,0.0,0.0,0.09523809523809523,0,2.762187871581442,0.0,0,0.0,0.36226894173602514,0,1,0.0,0,0.0,0.0,0.0,1.1242592373746325,2.223991853197867,0,0.0,11.202101621967376,1
63,3314,COC1=C(C=CC(=C1)CC=C)O,1.3319764761990542,0.3447219934129713,0,0.0,0.2,1,11.984273114623004,1.25,0,0.0,0,0.04583333333333333,0,0.0375895600252725,-0.23922690668087002,0.22206085791205737,7.109797541277533,0.0,84.34058399999999,-0.6015155555555554,0.0,0,0.03040816326530612,0,-59.7117367777777,0,0,4.0220552088742005,0,1,0,0.0,5.749511833283905,0.0,0.052121212121212124,0,0.888888888888881,0.0,0,0.0,-0.16092488888888867,0,0,0.0,1,0.0,0.037698412698412696,12.13273413692322,1.3250112108241772,2.331222362463341,0,11.49902366656781,7.109797541277533,0
64,105513,CCC1=CC=C(C=C1)CC(C)(C)C=O,1.3198547800094205,0.012968182905333346,0,0.0,0.46153846153846156,1,19.127803768981575,-5.53515625,0,0.0,0,0.044117647058823525,0,0.039283710065919304,-8.881784197001252e-16,0.1480676524591141,0.0,0.0,71.42266081250006,0.10016181250000031,0.006172839506172837,0,0.03755102040816327,0,-604.569786894531,0,0,3.3584585933443494,0,1,0,0.024305555555555556,0.0,6.286160523129555,0.054017094017094015,0,-7.4375,0.0,0,0.0,-0.022732999999999868,0,0,0.0,0,0.0,0.02398989898989899,0.0,1.1511135511938806,2.28356139833687,0,0.0,0.0,0
65,80865,CCOC(=O)CC1(OCCO1)C,1.168939750644129,-0.5401485886594534,0,0.0,0.875,1,0.0,-1.4201183431952673,0,0.0,1,0.08912037037037036,0,0.044194173824159216,-6.0829726031652225,0.21391573240706677,19.820645893538753,0.0,85.99876000000003,-0.7004307692307689,0.0,1,0.011111111111111108,0,-675.6735944142011,0,0,3.2766108716544045,0,0,0,0.020408163265306117,19.820645893538753,0.0,0.02500000000000001,0,2.9467455621301823,4.794537184071822,0,0.0,-1.8776745798816565,0,0,0.0,0,0.0,0.026944444444444444,13.847474399381248,1.419556298571613,2.2767400032148175,0,0.0,26.241467516464766,0
66,7362,C1=COC(=C1)C=O,1.3630676022278665,0.09387779258659606,0,0.0,0.0,2,0.0,0.0,0,0.0,0,0.05555555555555555,0,0.009259259259259259,-3.4806198746935064,0.23336885945319505,0.0,4.614583333333334,109.27061845454547,-0.28193778512396683,0.0,0,0.0,0,-102.82872600000005,0,0,3.2776134368191157,0,1,0,0.0,12.046407942003999,0.0,0.0625,0,-18.14876033057851,4.794537184071822,0,0.0,0.0,0,0,0.0,0,0.0,0.0,12.13273413692322,1.4949188482339508,2.1399633186493645,0,0.0,6.263162995639057,0
67,7363,C1=COC(=C1)CS,1.5940635349567915,0.03875917633594668,0,12.628789148012991,0.2,1,5.760247418874442,0.0,0,0.0,0,0.05555555555555555,0,0.037267799624996496,-5.543064021275696,0.16525698891581245,0.0,4.90625,110.71608015384612,0.0816269999999993,0.0,0,0.0,0,80.50787989349112,0,0,3.3927474104487847,0,0,0,0.0,5.752853606746789,5.760247418874442,0.0625,0,-2.8105047848637614,0.0,0,0.0,0.05712199999999973,0,0,0.0,0,0.0,0.0,6.263162995639057,1.6143308351592656,2.1399633186493645,0,0.0,6.263162995639057,0
68,90474858,CCC12CCC3C(CCCC3(C1COC2)C)(C)C,1.251145724915346,0.0024737618427648285,0,0.0,1.0,0,25.049576021348624,0.744791666666663,0,0.0,1,0.07864114114114114,0,0.6085567732464771,2.494788878256807,0.05705579839903694,13.213763929025836,0.0,66.88589592000005,-0.7240999999999995,0.0,0,0.025236033807462376,0,-640.4199219357633,0,0,3.3443609377704333,0,0,0,0.009259259259259259,16.244971408190338,0.0,0.056734006734006734,0,4.38194444444446,0.0,0,0.0,0.504703111111111,0,0,0.0,0,0.0,0.041666666666666664,0.0,1.070512788856337,1.977119252562138,0,0.0,13.213763929025836,0
69,460,COC1=CC=CC=C1O,1.3286472400668776,0.36689675192898485,0,0.0,0.14285714285714285,0,0.0,0.8408304498269894,0,0.0,0,0.05,0,0.02376283016566169,-0.17207710837273574,0.25588625960659894,7.109797541277533,0.0,90.76195888235293,-0.5440240830449823,0.0,0,0.0,0,-25.62540140138402,0,0,3.101881223476018,0,0,0,0.0,5.749511833283905,0.0,0.05244444444444444,0,-3.6989619377162635,0.0,0,0.0,0.3806502145328722,0,0,0.0,0,0.0,0.0625,24.26546827384644,1.402081402756032,2.29725588417896,0,11.49902366656781,7.109797541277533,0
70,8130,CCCCCCC=O,1.1873465309665028,-0.004245337627446594,0,0.0,0.8571428571428571,1,19.127803768981575,0.2975206611570247,0,0.0,0,0.025,0,0.0,-4.587290958150962,0.2067038861040779,0.0,0.0,58.44037842857142,-0.04134545454545486,0.0,0,0.020408163265306124,0,18.679148471074267,0,0,2.9705730958116847,0,1,0,0.0,0.0,6.286160523129555,0.020000000000000004,0,-10.314049586776859,0.0,0,0.0,-0.06033930578512387,0,0,0.0,0,0.0,0.018518518518518517,0.0,1.143320102127766,2.53006045688352,0,0.0,0.0,0
71,8129,CCCCCCCO,1.1305785894009919,0.015405737593453615,0,0.0,1.0,0,6.4208216229260096,0.3125,0,0.0,0,0.025,0,0.0,-3.3517156156354875,0.29761553461442847,6.606881964512918,0.0,54.5861750869565,-0.02392958333333353,0.0,0,0.020408163265306124,0,6.899156916666655,0,0,2.721251836004466,0,0,0,0.0,6.606881964512918,0.0,0.020000000000000004,0,-12.3125,0.0,0,0.0,-0.03681183333333337,0,0,0.0,0,0.0,0.018518518518518517,0.0,1.0994839817876882,2.53006045688352,0,0.0,0.0,0
72,6184,CCCCCC=O,1.1827596597138936,-0.004473311022621882,0,0.0,0.8333333333333334,1,19.127803768981575,0.41551246537396097,0,0.0,0,0.03125,0,0.0,-5.319535571574799,0.2277009434041344,0.0,0.0,58.82053611111111,-0.06060640443213303,0.0,0,0.0,0,20.901995069252052,0,0,3.0761031709967215,0,1,0,0.0,0.0,6.286160523129555,0.026666666666666672,0,-8.698060941828254,0.0,0,0.0,-0.08607184487534582,0,0,0.0,0,0.0,0.027777777777777776,0.0,1.1674367232867007,2.447472887876344,0,0.0,0.0,0
73,8892,CCCCCC(=O)O,1.1508369018627587,-0.08635457080721655,0,0.0,0.8333333333333334,1,19.26246486877803,0.8100000000000003,0,0.0,0,0.05,0,0.0,-3.167220375788265,0.31842165201381345,0.0,0.0,66.05018647368419,-0.2748204799999999,0.0,1,0.0,0,-64.3932270000001,0,0,3.208694969562842,0,0,0,0.0,6.4208216229260096,0.0,0.04000000000000001,0,14.559999999999995,4.794537184071822,0,0.0,-0.36675071999999936,0,0,0.0,0,0.0,0.037037037037037035,0.0,1.295461844238322,2.7158427612932585,0,0.0,0.0,0
74,8103,CCCCCCO,1.1169613566598673,0.015306511393706814,0,0.0,1.0,0,6.4208216229260096,0.6802721088435376,0,0.0,0,0.03125,0,0.0,-3.9005871447807516,0.32193202068264004,6.606881964512918,0.0,54.350186499999985,-0.03505991836734705,0.0,0,0.0,0,7.81713110204076,0,0,2.83256087505669,0,0,0,0.0,6.606881964512918,0.0,0.026666666666666672,0,-10.902494331065759,0.0,0,0.0,-0.05188571428571423,0,0,0.0,0,0.0,0.027777777777777776,0.0,1.115520093581932,2.447472887876344,0,0.0,0.0,0
75,12178,CCCC(CC)O,1.1169613566598673,0.008744936906962928,0,0.0,1.0,0,19.26246486877803,0.5102040816326532,0,0.0,0,0.05,0,0.0,-3.9005871447807516,0.332871485744555,0.0,0.0,54.350186499999985,-0.17177665306122464,0.0,0,0.0,0,-43.16831418367347,0,0,2.8199578985571465,0,0,0,0.0,0.0,0.0,0.026666666666666672,0,-2.9501133786848053,0.0,0,0.0,0.10043485714285638,0,0,0.0,0,0.0,0.0,0.0,1.115520093581932,2.8318199660707837,0,0.0,6.103966387748303,0
76,5281168,CCC/C=C/C=O,1.2504239308872998,0.00953780537115064,0,0.0,0.5,1,19.127803768981575,0.5190311418685124,0,0.0,0,0.03125,0,0.0,-5.257023853168988,0.25414380604224396,0.0,0.0,64.65971712499999,-0.1191847335640136,0.0,0,0.0,0,63.27399365397926,0,0,3.5724694587701356,0,3,0,0.0,0.0,6.286160523129555,0.026666666666666672,0,-3.982698961937717,4.794537184071822,0,0.0,-0.1348330380622833,0,0,0.0,0,0.0,0.027777777777777776,0.0,1.2210477851797181,2.447472887876344,0,0.0,0.0,0
77,8102,CCCCCCN,1.1765713862089762,0.00942847092857589,0,0.0,1.0,0,6.544756405912575,0.7747933884297522,0,0.0,0,0.03125,0,0.0,-3.04934101659427,0.19525353751820254,6.544756405912575,0.0,51.19947323809523,0.0003786363636362109,0.0,0,0.0,1,-3.430850609504218,0,0,2.879664004902594,0,0,0,0.0,0.0,0.0,0.026666666666666672,0,-8.75206611570248,0.0,0,0.0,-0.0025471900826447087,0,0,0.0,0,0.0,0.027777777777777776,0.0,1.090652803252992,2.447472887876344,0,0.0,0.0,0
78,8102,CCCCCCN,1.1765713862089762,0.00942847092857589,0,0.0,1.0,0,6.544756405912575,0.7747933884297522,0,0.0,0,0.03125,0,0.0,-3.04934101659427,0.19525353751820254,6.544756405912575,0.0,51.19947323809523,0.0003786363636362109,0.0,0,0.0,1,-3.430850609504218,0,0,2.879664004902594,0,0,0,0.0,0.0,0.0,0.026666666666666672,0,-8.75206611570248,0.0,0,0.0,-0.0025471900826447087,0,0,0.0,0,0.0,0.027777777777777776,0.0,1.090652803252992,2.447472887876344,0,0.0,0.0,0
79,1550884,CCCCCC/C(=C\C1=CC=CC=C1)/C=O,1.3298350857725145,0.005038621653127651,0,0.0,0.4,1,30.264359790747836,-2.9753086419753094,0,0.0,0,0.03308823529411765,0,0.018518518518518517,2.7632217501781674e-15,0.1489708100019673,0.0,0.0,72.17409900000004,0.04407399999999999,0.004679120325378828,1,0.012433281004709576,0,79.88396400000002,0,0,3.697159723424149,0,2,0,0.010243055555555554,0.0,6.286160523129555,0.026074074074074076,0,4.4722222222222285,4.794537184071822,0,0.0,-0.14772955555555536,0,0,0.0,0,0.0,0.011574074074074072,0.0,1.1409827561124504,2.0929746114566377,0,0.0,0.0,0
80,62336,CC(C1=CC=CC=C1)C(OC)OC,1.2895203405997515,0.05144482711263373,0,0.0,0.45454545454545453,0,0.0,0.06183115338882309,0,0.0,0,0.06249999999999999,0,0.018518518518518517,-3.5146919666573035,0.14700946909509274,14.219595082555067,0.0,77.95677424137935,-0.20358284898929874,0.0,0,0.020136054421768707,0,-80.67084486088012,0,0,3.456974426745135,0,0,0,0.027777777777777776,0.0,0.0,0.025079365079365076,0,-11.254458977407856,0.0,0,0.0,0.11290629250891655,0,0,0.0,0,0.0,0.018055555555555557,14.219595082555067,1.2699207259892868,2.3830663406642363,0,0.0,0.0,0
81,7888,CC(CCCC(C)(C)O)CC=O,1.1763453284353114,-0.11693067950408888,0,0.0,0.9,1,25.548625391907585,-0.60546875,0,0.0,0,0.0625,0,0.0,-2.0672219446716484,0.21262819442931907,0.0,0.0,62.221507451612936,-0.37889574999999986,0.0,0,0.015306122448979591,0,-922.8380936093747,0,0,3.4987781244591325,0,1,0,0.0234375,12.338727669087403,6.286160523129555,0.026666666666666672,0,-28.0,0.0,0,0.0,0.05859350000000004,0,0,0.0,0,0.0,0.047619047619047616,0.0,1.198192411043098,3.307062255508609,0,0.0,5.601050810983688,0
82,798,C1=CC=C2C(=C1)C=CN2,1.5547555477526824,0.008113695973354734,0,0.0,0.0,1,0.0,0.0,0,3.1195370370370368,0,0.035493827160493825,0,0.07159306303304516,3.1479740821202675,0.2714922670879313,0.0,0.0,92.7853356470588,0.00451335937499966,0.0,0,0.0,0,-142.18775912499996,1,0,3.149397470347699,0,0,0,0.0,0.0,0.0,0.024305555555555552,0,-9.078125,0.0,0,0.0,0.05255556249999978,0,0,0.0,0,0.0,0.0,0.0,1.271782221599798,1.9697731935234029,0,0.0,0.0,0
83,106826,CC(CCCC(C)(C)O)CC(N1C=CC2=CC=CC=C21)N3C=CC4=CC=CC=C43,1.4265112813188572,-0.134454178651283,0,0.0,0.38461538461538464,2,25.683286491704038,-7.8296156947057245,0,0.0,0,0.04683462532299742,0,0.23082025340046192,1.1979649850960519,0.11380306517459825,0.0,0.0,81.24440931249995,-0.5694157301800599,0.010523190757784594,0,0.01482993197278911,0,-817.1755278169848,2,0,4.098792977532486,0,0,0,0.009953473259222387,5.917906046161393,6.165775612134527,0.0289405684754522,0,30.300725611394775,0.0,0,0.0,-0.12300414619725827,0,0,0.0,0,0.0,0.0241540404040404,0.0,1.2715335232732405,1.437929984708847,0,0.0,5.601050810983688,0
84,6374,C(I)(I)I,1.48579329438864,0.0,0,0.0,1.0,0,-0.061901615733403276,0.0,0,0.0,0,0.0,0,0.0,-4.327344115263871,0.6394805140988683,0.0,0.0,1146.2139638775002,0.0,0.0,0,0.0,0,0.0,0,0,1.3709505944546687,0,0,0,0.0,0.0,-0.061901615733403276,0.0,0,1.986192592592592,0.0,0,0.0,0.0,0,0,0.0,0,0.0,0.0,0.0,1.3709505944546687,2.3237900077244498,0,0.0,0.0,0
85,638014,CC1=C(C(CCC1)(C)C)/C=C/C(=O)C,1.2921036275936146,-0.041298560786448904,0,0.0,0.6153846153846154,0,0.0,3.0276816608996575,0,0.0,0,0.07236842105263157,0,0.1580980396264691,-4.422205492743542e-15,0.19676228062569504,0.0,0.0,67.93350947058825,0.1393370795847757,0.0,3,0.007495361781076067,0,-682.0698256574392,0,0,3.7633584292311073,0,2,0,0.027777777777777776,0.0,0.0,0.048296296296296296,0,-3.3044982698961887,4.794537184071822,0,0.0,0.6224446920415224,0,0,0.0,0,0.0,0.05347222222222221,12.999757306524504,1.1302781873214733,2.518560236666425,0,0.0,0.0,0
86,638014,CC1=C(C(CCC1)(C)C)/C=C/C(=O)C,1.2921036275936146,-0.041298560786448904,0,0.0,0.6153846153846154,0,0.0,3.0276816608996575,0,0.0,0,0.07236842105263157,0,0.1580980396264691,-4.422205492743542e-15,0.19676228062569504,0.0,0.0,67.93350947058825,0.1393370795847757,0.0,3,0.007495361781076067,0,-682.0698256574392,0,0,3.7633584292311073,0,2,0,0.027777777777777776,0.0,0.0,0.048296296296296296,0,-3.3044982698961887,4.794537184071822,0,0.0,0.6224446920415224,0,0,0.0,0,0.0,0.05347222222222221,12.999757306524504,1.1302781873214733,2.518560236666425,0,0.0,0.0,0
87,5371002,CC1CC=C(C(C1(C)C)/C=C/C(=O)C)C,1.2868103407415399,-0.011715079421054578,0,0.0,0.6428571428571429,0,6.4208216229260096,1.347699050401755,0,0.0,0,0.06793478260869563,0,0.155724618520914,1.8444000200186614e-14,0.17678425514297846,0.0,0.0,66.97885456756762,0.21476568590211648,0.0,2,0.013673469387755103,0,-700.253739448503,0,0,3.857045257053065,0,3,0,0.013888888888888888,11.835812092322787,0.0,0.05856209150326798,0,-6.600438276113952,4.794537184071822,0,0.0,0.5312856859021173,0,0,0.0,0,0.0,0.04456018518518518,12.999757306524504,1.1172786489038957,2.6337187335530867,0,0.0,0.0,0
88,22311,CC1=CCC(CC1)C(=C)C,1.2939438315855605,-0.032675325909643595,0,0.0,0.6,1,5.917906046161393,1.6272189349112425,0,0.0,0,0.045454545454545456,0,0.08838834764831843,-8.436812671709784e-16,0.10523894710974675,0.0,0.0,62.93671607692307,0.04799332544378693,0.0,2,0.0,0,-491.4277051715976,0,0,3.5654483718208247,0,1,0,0.0,0.0,0.0,0.0637037037037037,0,-18.100591715976332,0.0,0,0.0,0.03620549112426032,0,0,0.0,1,0.0,0.07870370370370372,5.573104530069267,0.9612366047228759,2.2599025962240935,0,0.0,0.0,0
89,443158,CC(=CCC[C@](C)(C=C)O)C,1.2361962596502984,-0.06930395719514093,0,0.0,0.6,1,12.841643245852019,0.17122473246135494,0,0.0,0,0.049999999999999996,0,0.0,-2.0830861665286355,0.23928086595350087,0.0,0.0,61.16030592857142,0.14851947681331584,0.0,1,0.011661807580174929,0,-722.6510344637338,0,0,3.8143719431796272,0,2,0,0.0,0.0,0.0,0.03428571428571429,0,-17.286563614744356,0.0,0,0.0,0.23396416171224663,0,0,0.0,1,0.0,0.05555555555555555,12.999757306524504,1.1242592373746325,3.3762787571175163,0,0.0,5.601050810983688,0
90,91604,CC(C)(CCCC1=CCC(CC1)C=O)O,1.247689960290115,-0.09969846599654486,0,0.0,0.7692307692307693,1,44.81109026068562,-3.255661066471877,0,0.0,0,0.03125,0,0.07568735753865524,0.9145864571240072,0.18747258130083883,0.0,0.0,68.38209164864871,-0.11678372826881091,0.027059712773998483,1,0.024044526901669763,0,-959.2775009751643,0,0,3.8437959328456848,0,2,0,0.01253858024691358,0.0,6.286160523129555,0.03851851851851852,0,-32.39737034331628,0.0,0,0.0,0.39493959970781356,0,0,0.0,0,0.0,0.043055555555555555,0.0,1.2036908806058488,2.0860509379555743,0,0.0,5.601050810983688,0
91,6441026,CC(=CCC/C(=C/CCC1=CC=NC=C1)/C)C,1.3771522343044733,-0.0698754006150198,0,0.0,0.4375,2,12.841643245852019,-1.995625,0,0.0,0,0.03308823529411765,0,0.017568209223157664,-1.0898375831854068,0.08693426728569319,0.0,0.0,69.47252482500005,0.03567861500000096,0.005906889504773101,2,0.013061224489795919,0,-625.7792439968749,0,0,3.6898227820087555,0,2,0,0.00883838383838384,0.0,0.0,0.016507936507936506,0,-25.924999999999986,4.9839785209472085,0,0.0,0.08337840000000062,0,0,0.0,0,0.0,0.02831196581196581,0.0,1.1208799701545797,1.9338827291475633,0,0.0,0.0,0
92,61016,CC(CCC=C(C)C)C=O,1.2385687036247621,-0.0033437108417077904,0,0.0,0.6666666666666666,1,19.127803768981575,0.8047337278106512,0,0.0,0,0.046875,0,0.0,-3.57900164264579,0.17767403737206736,0.0,0.0,61.59961459999999,-0.01963155029585812,0.0,1,0.0163265306122449,0,-399.3055931005916,0,0,3.690260390968384,0,2,0,0.0,0.0,6.286160523129555,0.026666666666666672,0,-20.0,0.0,0,0.0,0.05534388165680458,0,0,0.0,0,0.0,0.04444444444444444,0.0,1.141619525334138,3.033296325855822,0,0.0,0.0,0
93,16666,C[C@@H]1CC[C@H]([C@@H](C1)O)C(C)C,1.195608821023703,-0.00269425033962962,0,0.0,1.0,0,12.338727669087403,2.6441207075962523,0,0.0,0,0.07589285714285712,0,0.1377541227824057,0.9721746916243366,0.263574999796706,0.0,0.0,60.67635041935483,-0.7688404162330895,0.0,0,0.0,0,-356.0760170447455,0,0,3.097780987108337,0,0,0,0.0,11.835812092322787,0.0,0.04933333333333334,0,-4.961498439125917,0.0,0,0.0,0.21400873673256945,0,0,0.0,0,0.0,0.07870370370370372,0.0,1.0942658959797504,2.437159260034696,0,0.0,6.103966387748303,0
94,7119,COC1=CC2=CC=CC=C2C=C1,1.3688286689284694,-0.018258751886072545,0,0.0,0.09090909090909091,0,5.749511833283905,0.5785123966942158,0,0.0,0,0.02734375,0,0.0696737202492368,0.37517394829571554,0.14105363322917364,7.109797541277533,0.0,90.9697473478261,0.08260757024793292,0.0,0,0.020136054421768707,0,-171.67418628099193,0,0,3.0773238024297194,0,0,0,0.027777777777777776,0.0,5.749511833283905,0.05955555555555556,0,-13.413223140495868,0.0,0,0.0,-0.1322672727272727,0,0,0.0,0,0.0,0.02430555555555556,7.109797541277533,1.2197484934607565,1.895164814385573,0,5.749511833283905,7.109797541277533,0
95,11062802,C[C@@]12CC[C@@H](C1(C)C)C[C@@]2(C)O,1.2342551912453699,-0.00467458094323892,0,0.0,1.0,0,12.338727669087403,0.0,0,0.0,0,0.11533816425120774,0,1.5775057554325744,3.7382329536556393,0.273613299839623,0.0,0.0,65.74227590909092,-0.06979354687499958,0.0,0,0.0,0,-735.6054318124994,0,0,3.0223683589017414,0,0,0,0.0,5.41499046939678,0.0,0.037037037037037035,0,11.01171875,0.0,0,0.0,0.23736050000000003,0,0,0.0,0,0.0,0.0,0.0,1.1096153217888276,2.468624546208363,0,0.0,5.601050810983688,0
96,227085,COC(=O)C1=CC=NC=C1,1.4828399070167118,0.12669945692517928,0,0.0,0.14285714285714285,3,0.0,1.3494809688581308,0,0.0,0,0.03977272727272727,0,0.012422599874998832,-4.570989507997664,0.32610161664672677,7.109797541277533,0.0,101.11990247058823,0.11859299653979279,0.0,1,0.04,0,-32.82494773356405,0,0,3.6901165175936654,0,0,0,0.0,5.563451491696996,0.0,0.0273015873015873,0,-1.2664359861591712,4.9839785209472085,0,4.794537184071822,0.3989234186851198,0,0,0.0,0,0.0,0.03819444444444445,24.52642128014937,1.6578764348499595,2.239538805558814,0,0.0,12.673249032974528,0
97,8635,COC(=O)C1=CC=CC=C1N,1.4446697682706264,-0.0535007866929364,0,0.0,0.125,1,0.0,3.190000000000001,0,0.0,0,0.062499999999999986,0,0.02992639636637849,1.467303209831411,0.2581768639891308,12.84346501843972,0.0,93.37833094999999,-1.255067909999999,0.0,1,0.04,0,12.839047374999865,0,0,3.484183719779189,0,0,0,0.0,11.250837766380558,0.0,0.03822222222222223,0,13.0,0.0,0,4.794537184071822,-0.2972975900000003,0,0,0.0,0,0.0,0.030555555555555558,24.26546827384644,1.595461844238322,2.402033069333676,0,0.0,12.673249032974528,0
98,11902,COC(=O)C1=CC=CO1,1.3194555899077591,0.4435835503056612,0,0.0,0.16666666666666666,2,0.0,2.1600000000000006,0,0.0,0,0.034722222222222224,0,0.016037507477489603,-5.615400064505526,0.3126209799474287,7.109797541277533,4.711620370370371,107.36793046666666,-1.351063999999999,0.0,1,0.0,0,20.1336972000001,0,0,3.4565647621309536,0,0,0,0.0,0.0,0.0,0.041666666666666664,0,8.680000000000005,0.0,0,4.794537184071822,0.4882679999999982,0,0,0.0,0,0.0,0.04000000000000001,12.13273413692322,1.5219280948873621,2.2354623182291338,0,0.0,13.37296053691659,0
99,7059,CC1=CC2=C(C=C1)N=CC=C2,1.5176972313881265,0.00951997414188429,0,0.0,0.1,1,5.516700717616262,1.4299999999999993,0,0.0,0,0.031249999999999993,0,0.07354863692791934,0.6734142530083596,0.14398941297713336,0.0,0.0,89.90862647619046,0.029734669999999304,0.0,0,0.04,0,-238.8725187500001,1,0,3.503701696057348,0,0,0,0.0,0.0,0.0,0.06944444444444445,0,-0.23999999999999977,4.9839785209472085,0,0.0,-0.11167982000000024,0,0,0.0,0,0.0,0.020833333333333336,0.0,1.2344977967946407,1.9323192636083937,0,0.0,5.516700717616262,0
100,62444,CCCC(=O)SC,1.455662014174497,0.015885298838695383,0,0.0,0.8,1,12.841643245852019,0.7785467128027685,1,0.0,0,0.05,0,0.0,-2.8485628635126816,0.37401711938009535,6.255769183511404,0.0,94.7607845,-0.3682242387543248,0.0,1,0.0,0,-83.68165525951562,0,0,3.2927701939369904,0,0,0,0.0,5.11527693018572,0.0,0.026666666666666672,0,2.036908881199539,4.794537184071822,0,0.0,0.08100772318339022,0,0,0.0,0,0.0,0.0,0.0,1.450467463408549,2.8318199660707846,0,0.0,0.0,0
101,4133,COC(=O)C1=CC=CC=C1O,1.338801329605295,-0.12398739928017591,0,0.0,0.125,1,0.0,2.6204986149584495,0,0.0,0,0.062499999999999986,0,0.026311488763887718,0.1592830870169058,0.24343511964524922,7.109797541277533,0.0,98.91481110526315,-1.2066546149584476,0.0,1,0.04,0,50.82647369252065,0,0,3.471354487013928,0,0,0,0.0,0.0,11.3129633249809,0.03822222222222223,0,11.653739612188364,0.0,0,4.794537184071822,-0.5775970526315795,0,0,0.0,0,0.0,0.030555555555555558,12.13273413692322,1.4713544870139295,2.402033069333676,0,5.749511833283905,7.109797541277533,0
102,91497,CC1COCC2=CC3=C(C=C12)C(C(C3(C)C)C)(C)C,1.3128824022789154,0.03465481454912075,0,0.0,0.6666666666666666,0,13.213763929025836,-11.199012345679012,0,0.0,1,0.08956552706552705,0,0.7131150441558987,2.1961051191586436,0.07250371513302836,6.606881964512918,0.0,73.19426734042558,0.08093807999999988,0.0,0,0.02667170571932476,0,-517.2225388888884,0,0,3.379438651308306,0,0,0,0.016880826404635927,11.835812092322787,0.0,0.045957854406130275,0,34.15753086419755,0.0,0,0.0,0.49038607999999967,0,0,0.0,0,0.0,0.05818055555555555,11.126902983393991,1.1080734808267854,1.9118506858732909,0,0.0,13.213763929025836,0
103,89440,CC1CC(C2=C(C1(C)C)C=C(C(=C2)C(=O)C)C)(C)C,1.3128824022789154,-0.02540030549972274,0,0.0,0.6111111111111112,0,11.126902983393991,8.742222222222217,0,0.0,0,0.07263513513513513,0,0.20912370665273,1.6833057400295532,0.17189721288820495,0.0,0.0,70.6079690434783,-0.1774371199999999,0.0,1,0.02280612244897959,0,-696.1391665555553,0,0,3.533783453252904,0,0,0,0.016865079365079364,5.917906046161393,0.0,0.07319444444444445,0,36.94962962962965,4.794537184071822,0,0.0,0.2109715199999999,0,0,0.0,0,0.0,0.04687500000000001,6.923737199690624,1.1080734808267854,2.30686351255936,0,0.0,0.0,0
104,93199,CC(=CCCC1=CCC(CC1)C=O)C,1.2921036275936146,-0.03156929229125721,0,0.0,0.6153846153846154,1,31.969447014833595,-2.775086505190312,0,0.0,0,0.024999999999999998,0,0.07568735753865524,-5.049154965473042e-15,0.14093802957367327,0.0,0.0,67.93350947058828,-0.03921285813148756,0.022549760644998737,2,0.020317460317460317,0,-501.22429724221445,0,0,3.6901165175936645,0,3,0,0.012896825396825396,5.917906046161393,6.286160523129555,0.034747474747474756,0,-29.245674740484425,0.0,0,0.0,0.17686805536332212,0,0,0.0,0,0.0,0.03549382716049383,5.573104530069267,1.1302781873214733,2.0405201589355246,0,0.0,0.0,0
105,8918,CCCCCCCCCOC(=O)C,1.1798428221187043,-0.061324804251474956,0,0.0,0.9090909090909091,1,6.4208216229260096,-0.0946938775510203,0,0.0,0,0.025,0,0.0,-4.491479884100617,0.26924020377328084,6.606881964512918,0.0,62.977205647058824,-0.07449067102040881,0.009876543209876541,1,0.011661807580174929,0,-129.47303608163273,0,0,2.9457863201572456,0,0,0,0.010416666666666666,6.606881964512918,0.0,0.01777777777777778,0,3.823673469387766,4.794537184071822,0,0.0,-0.10450870857142901,0,0,0.0,0,0.0,0.013888888888888888,0.0,1.1818189193726576,2.8354061560854147,0,0.0,6.606881964512918,0
106,1268142,C[C@@H]1CC(=O)C=C2[C@]1(C[C@@H](CC2)C(=C)C)C,1.3071152497808494,-0.05310999459595081,0,0.0,0.6666666666666666,1,12.841643245852019,6.108033240997226,0,0.0,0,0.06026785714285713,0,0.2480924819345161,2.0042430391362527,0.17700902715446787,0.0,0.0,70.94220156410259,0.0346476565096937,0.0,3,0.020204081632653064,0,-604.6026418448755,0,0,4.240962710641206,0,1,0,0.03935185185185185,17.61905703868773,0.0,0.07619047619047618,0,-3.3407202216066576,4.794537184071822,0,0.0,-0.44572911911357294,0,0,0.0,1,0.0,0.034722222222222224,0.0,1.1239576570186298,2.1288640431746315,0,0.0,0.0,0
107,957,CCCCCCCCO,1.1408974313535492,0.01541909191828531,0,0.0,1.0,0,6.4208216229260096,-0.576131687242798,0,0.0,0,0.020833333333333332,0,0.0,-2.9374544243354967,0.27671446610466727,6.606881964512918,0.0,54.76770476923077,-0.016605563786008543,0.0,0,0.01360544217687075,0,6.1734896460905775,0,0,2.615093520281345,0,0,0,0.015625,6.606881964512918,0.0,0.016000000000000004,0,-13.706447187928667,0.0,0,0.0,-0.026784131687242932,0,0,0.0,0,0.0,0.013888888888888888,0.0,1.0860486123130382,2.595082706793886,0,0.0,0.0,0
108,18827,CCCCCC(C=C)O,1.1907885689162483,0.020047170312282946,0,0.0,0.75,1,12.841643245852019,0.4816000000000003,0,0.0,0,0.03571428571428571,0,0.0,-2.7687900993908197,0.26299706313588356,0.0,0.0,58.32275616666664,-0.012189785600000195,0.0,0,0.01360544217687075,0,-21.038233919999985,0,0,3.333660689688185,0,1,0,0.0,0.0,0.0,0.03200000000000001,0,-4.340799999999999,0.0,0,0.0,-0.04373841920000005,0,0,0.0,1,0.0,0.027777777777777776,6.076020106833881,1.1238561897747246,2.8766225950797444,0,0.0,6.103966387748303,0
109,7991,CCCCC(=O)O,1.1382116738284762,-0.08731808410000608,0,0.0,0.8,1,12.841643245852019,0.25951557093425615,0,0.0,0,0.0625,0,0.0,-3.6472107000285154,0.33733203771647563,0.0,0.0,67.90470287499998,-0.3932997093425605,0.0,1,0.0,0,-67.939330615917,0,0,3.2195282822995472,0,0,0,0.0,6.4208216229260096,0.0,0.053333333333333344,0,15.833910034602079,4.794537184071822,0,0.0,-0.8501350311418683,0,0,0.0,0,0.0,0.0,0.0,1.3328204045850196,2.678257743164726,0,0.0,0.0,0
110,61138,C=CCCC(=O)O,1.2189889293961942,-0.11153128809020349,0,0.0,0.4,2,0.0,0.22222222222222213,0,0.0,0,0.0625,0,0.0,-2.9049864058547388,0.3181824123461681,0.0,0.0,75.87579071428571,-0.15714094222222222,0.0,1,0.0,0,-153.2293712533334,0,0,3.2402239289418517,0,1,0,0.0,6.4208216229260096,0.0,0.053333333333333344,0,3.120000000000001,4.794537184071822,0,0.0,-0.6259529066666657,0,0,0.0,1,0.0,0.0,6.076020106833881,1.3995812306460644,2.678257743164726,0,0.0,0.0,0
111,999,C1=CC=C(C=C1)CC(=O)O,1.3544207531232084,-0.14621445108246192,0,0.0,0.125,1,5.563451491696996,0.9876543209876545,0,0.0,0,0.04861111111111111,0,0.022680460581325723,2.505391327655785,0.28637354790307645,0.0,0.0,91.07319744444443,-0.5146320987654316,0.0,1,0.04,0,-386.7492336790123,0,0,3.149673447186741,0,0,0,0.0,0.0,0.0,0.04444444444444444,0,-16.0,4.794537184071822,0,0.0,-0.5525903209876536,0,0,0.0,0,0.0,0.02361111111111111,12.13273413692322,1.3921472236645345,2.1312821385375686,0,0.0,6.4208216229260096,0
112,10821,C#CC1=CC=CC=C1,1.3388357604364882,0.008967889924634053,0,0.0,0.0,0,5.563451491696996,0.32653061224489793,0,0.0,0,0.026785714285714284,0,0.016037507477489603,3.333228957073865e-17,0.26859326749281515,0.0,0.0,87.62539257142858,0.006291999999999776,0.0,0,0.0,0,-71.6513114489796,0,0,2.6384600665861555,0,0,0,0.0,0.0,0.0,0.05037037037037037,1,-11.448979591836737,0.0,0,0.0,0.0038719999999998708,0,0,0.0,0,0.0,0.0625,0.0,0.9852281360342515,2.1250162554146717,0,0.0,0.0,0
113,6054,C1=CC=C(C=C1)CCO,1.3347056507490571,-0.007183666910170613,0,0.0,0.25,0,6.4208216229260096,0.8725761772853181,0,0.0,0,0.0234375,0,0.022680460581325723,2.100086013279949,0.27990158540672544,6.606881964512918,0.0,77.44040742105263,-0.061968199445983425,0.0,0,0.04,0,-113.29194350138503,0,0,3.176110251517254,0,0,0,0.0,0.0,0.0,0.03022222222222222,0,-20.99168975069251,0.0,0,0.0,-0.09944226038781166,0,0,0.0,0,0.0,0.030092592592592594,0.0,1.2363864108712896,2.0778607554610553,0,0.0,0.0,0
114,6054,C1=CC=C(C=C1)CCO,1.3347056507490571,-0.007183666910170613,0,0.0,0.25,0,6.4208216229260096,0.8725761772853181,0,0.0,0,0.0234375,0,0.022680460581325723,2.100086013279949,0.27990158540672544,6.606881964512918,0.0,77.44040742105263,-0.061968199445983425,0.0,0,0.04,0,-113.29194350138503,0,0,3.176110251517254,0,0,0,0.0,0.0,0.0,0.03022222222222222,0,-20.99168975069251,0.0,0,0.0,-0.09944226038781166,0,0,0.0,0,0.0,0.030092592592592594,0.0,1.2363864108712896,2.0778607554610553,0,0.0,0.0,0
115,6544,CC1=CC(=O)CC(C1)(C)C,1.2827556360926375,-0.07299889618139414,0,0.0,0.6666666666666666,0,6.4208216229260096,0.0,0,0.0,0,0.125,0,0.12298456674777457,-1.0658141036401503e-14,0.26091059225121005,0.0,0.0,69.16834624999997,-1.2097200000000021,0.0,2,0.0,0,-1002.7111773124998,0,0,3.323934896284056,0,1,0,0.0,6.4208216229260096,0.0,0.04938271604938271,0,-8.083333333333341,4.794537184071822,0,0.0,0.31212000000000195,0,0,0.0,0,0.0,0.0,6.076020106833881,1.1752835873133534,2.509938883631114,0,0.0,0.0,0
116,6654,CC1=CCC2CC1C2(C)C,1.2939438315855605,-0.021595056767616753,0,0.0,0.8,0,11.835812092322787,0.0,0,0.0,0,0.1346153846153846,0,0.926021830889183,3.157605623517475,0.12333981915455952,0.0,0.0,65.94884218518517,0.005613254437869832,0.0,1,0.0,0,-636.1338224378699,0,0,3.6902603909683847,0,1,0,0.0,5.41499046939678,0.0,0.08888888888888888,0,-9.076923076923086,0.0,0,0.0,0.09472366863905315,0,0,0.0,0,0.0,0.0,5.573104530069267,0.9612366047228759,2.1555387119475258,0,0.0,0.0,0
117,7770,CCCC(=O)OCCC,1.1599130406570388,0.009172998321227978,0,0.0,0.8571428571428571,1,12.841643245852019,0.6748582230623817,0,0.0,0,0.05357142857142856,0,0.0,-6.799772746790381,0.33469375418519987,6.606881964512918,0.0,66.69599109090909,-0.9585544196597335,0.0,1,0.020408163265306124,0,114.27664048393197,0,0,3.2405282602167116,0,0,0,0.0,13.027703587438928,0.0,0.026666666666666672,0,23.289224952741034,4.794537184071822,0,0.0,-0.25872520226843126,0,0,0.0,0,0.0,0.013888888888888888,0.0,1.2646726793957221,2.9548225727898005,0,0.0,6.606881964512918,0
118,67285,CC(C)C1=CC2=C(C=C1)N=CC=C2,1.4686870990524854,0.019384836997011098,0,0.0,0.25,1,5.516700717616262,-1.1538461538461549,0,0.0,0,0.03125,0,0.06338126460057382,0.7729902673445836,0.12424852398383114,0.0,0.0,82.40880555555557,0.059871331360945926,0.0,0,0.01648979591836735,0,-118.11157468047344,1,0,3.580462199727102,0,0,0,0.027777777777777776,5.917906046161393,0.0,0.05962962962962963,0,19.02958579881657,4.9839785209472085,0,0.0,0.014231455621301537,0,0,0.0,0,0.0,0.03993055555555556,0.0,1.1956217818146277,1.908959817941928,0,0.0,5.516700717616262,0
119,8118,CCCSCCC,1.3852790804334727,0.007903146754335654,0,11.761884949391115,1.0,0,0.0,1.0204081632653064,1,0.0,0,0.03125,0,0.0,-2.931138664445954,0.0952017124790271,11.505707213493578,0.0,75.83505179999999,-0.03229308843537415,0.0,0,0.0,0,-55.554824285714275,0,0,2.6061376606679536,0,0,0,0.0,0.0,0.0,0.026666666666666672,0,-5.184177374653563,0.0,0,0.0,0.01200977551020369,0,0,0.0,0,0.0,0.027777777777777776,0.0,1.115520093581932,2.447472887876344,0,0.0,0.0,0
120,1049,C1=CC=NC=C1,1.6085861117311557,-0.009516109957903541,0,0.0,0.0,2,0.0,0.0,0,0.0,0,0.0,0,0.0,-3.2933116400314346,0.2040343084490867,0.0,0.0,88.55164345454544,0.031113785123966533,0.0,0,0.0,0,-90.46469749586778,0,0,3.0271691184406184,0,0,0,0.0,0.0,0.0,0.0,0,-15.65289256198347,4.9839785209472085,0,0.0,0.0,0,0,0.0,0,0.0,0.0,12.393687143226153,1.3485878960124222,2.0,0,0.0,0.0,0
121,5144,C=CCC1=CC2=C(C=C1)OCO2,1.3592534272394197,0.08316831200750571,0,0.0,0.2,1,17.919845289493818,-1.1570247933884286,0,0.0,1,0.03621031746031746,0,0.06479922821991074,-1.4019684594567101,0.18761407251742426,6.792942306099827,0.0,95.13495326086957,-0.1861731570247946,0.0,0,0.023888888888888883,0,-151.99985133884306,0,0,3.7887549139935026,1,1,0,0.020408163265306117,6.792942306099827,0.0,0.04083333333333333,0,3.2231404958677614,0.0,0,0.0,-0.25449904132231416,0,0,0.0,1,0.0,0.028379629629629637,0.0,1.3485878960124222,1.8376335396583445,0,11.49902366656781,0.0,0
122,103005,CC1C2CC(C1(C)C)CC2C3CCCC(C3)O,1.2533982269578872,-0.027885263203881176,0,0.0,1.0,0,42.431173476658984,-5.493333333333337,0,0.0,0,0.066358024691358,0,1.2273282516522814,4.504869790194812,0.20535447150766428,0.0,0.0,66.63694755319155,0.23655023012345647,0.01020408163265306,0,0.02723356009070295,0,-861.4687594592597,0,0,3.377219418639197,0,0,0,0.026475694444444444,5.41499046939678,0.0,0.06425925925925925,0,-9.502222222222235,0.0,0,0.0,0.046720483950617245,0,0,0.0,0,0.0,0.03625,0.0,1.0783878114938321,1.7177957679372033,0,0.0,6.103966387748303,0
123,8283,CC(=CCCC1(C2CC3C1(C3C2)C)C)CO,1.282176606378696,0.03915861068211103,0,0.0,0.8666666666666667,0,29.747644291479453,-15.75,0,0.0,0,0.09785353535353535,0,3.9500987927029336,4.804362191963853,0.2107870066651827,6.606881964512918,0.0,69.98200147619052,0.3230929900000028,0.018749999999999996,1,0.028439153439153438,0,-810.0178775799998,0,0,4.058694969562842,0,1,0,0.021242150706436418,10.82998093879356,0.0,0.044583333333333336,0,-14.544999999999998,0.0,0,0.0,0.05734808000000041,0,0,0.0,0,0.0,0.03696969696969697,0.0,1.1058666211014743,1.5931265540605986,0,0.0,6.606881964512918,0
124,6736,CC1=CNC2=CC=CC=C12,1.5156756562858988,0.04007338052539412,0,0.0,0.1111111111111111,1,0.0,1.1966759002770082,0,3.187824074074074,0,0.06597222222222221,0,0.10552883626879606,2.7815199233898467,0.26067885915266953,0.0,0.0,87.29145015,-0.0014947036011096488,0.0,0,0.0,0,-191.6051816842106,1,0,3.471354487013928,0,0,0,0.0,0.0,0.0,0.02287037037037037,0,3.2382271468144106,0.0,0,0.0,0.07786792243767174,0,0,0.0,0,0.0,0.0625,0.0,1.2448406699719212,2.014611886520823,0,0.0,0.0,0
125,443162,CC1=CC[C@H](CC1)C(C)(C)O,1.2361962596502984,-0.0878154345871114,0,0.0,0.8,0,19.26246486877803,2.3020214030915587,0,0.0,0,0.05769230769230768,0,0.08838834764831843,1.1108916511902125,0.26934107236704496,0.0,0.0,64.02595472413792,0.045087239001187135,0.0,1,0.0,0,-827.9715091557672,0,0,3.745406425938248,0,1,0,0.0,5.917906046161393,0.0,0.052777777777777785,0,-17.900118906064215,0.0,0,0.0,0.20629578121284045,0,0,0.0,0,0.0,0.08854166666666667,0.0,1.1242592373746325,2.393615048508942,0,0.0,5.601050810983688,0
126,1127,C1CCSC1,1.5507862765128981,-0.01479246938767075,0,11.761884949391115,1.0,0,0.0,0.0,1,0.0,1,0.0,0,0.0,2.6464610826971833,0.14502230006938185,11.505707213493578,0.0,99.98418361538462,0.0,0.0,0,0.0,0,-546.0484042603553,0,0,2.1619781796795534,0,0,0,0.0,0.0,0.0,0.0,0,-3.5555555555555554,0.0,0,0.0,0.0,0,0,0.0,0,0.0,0.0,0.0,1.2389012566026305,2.083333333333333,0,0.0,0.0,0
127,5424,C1(=C(C(=O)C(=C(C1=O)O)O)O)O,1.294291379685749,0.5882598639172331,0,0.0,0.0,0,0.0,1.125,0,0.0,0,0.07142857142857142,0,0.04070860879574309,13.282514371393965,0.11426695168796543,0.0,0.0,130.19228925,-0.1422599999999999,0.0,6,0.0,0,150.76915031250013,0,0,2.25,0,0,0,0.0,0.0,0.0,0.07555555555555554,0,5.5,9.589074368143644,0,0.0,-0.6894719999999996,0,0,0.0,0,0.0,0.0,0.0,1.561278124459133,2.7602520756252087,0,0.0,0.0,0
128,12603004,C1=CSC2=CN=CN=C21,2.062021978217301,0.056326654855311485,1,0.0,0.0,2,10.216620634085363,0.0,0,0.0,0,0.035493827160493825,0,0.10909186051389641,-0.37265384213703917,0.17771622392672703,0.0,0.0,147.75589028571426,-0.06574734319526676,0.0,0,0.0,0,-276.0988688579883,1,0,3.7004397181410926,0,0,0,0.0,0.0,6.3273200747645415,0.024305555555555552,0,-7.404996712689021,0.0,0,9.967957041894417,0.036775437869822285,0,0,0.0,0,0.0,0.0,17.66410595269928,1.7381493331928664,1.9697731935234029,0,0.0,10.216620634085363,0
129,1133,C(C(=O)O)S,1.6145037514387641,0.04377749920670929,0,12.628789148012991,0.5,1,0.0,0.0,0,0.0,0,0.0,0,0.0,-5.232862005922784,0.34755291628474516,5.752853606746789,0.0,123.29030087499999,0.09658282716049371,0.0,1,0.0,0,123.17256622222226,0,0,2.94770277922009,0,0,0,0.0,0.0,0.0,0.0,0,6.998018594726416,4.794537184071822,0,0.0,0.0,0,0,0.0,0,0.0,0.0,0.0,1.836591668108979,2.5395388613593908,0,0.0,5.752853606746789,0
130,8030,C1=CSC=C1,1.6378084510313566,-0.016107289581513994,1,11.336785877934737,0.0,2,0.0,0.0,0,0.0,0,0.0,0,0.0,2.6693412752956167,0.2696868192564464,0.0,0.0,139.04067055555552,0.0,0.0,0,0.0,0,-303.4012742716051,0,0,2.2810361125534238,0,0,0,0.0,0.0,0.0,0.0,0,-6.113854595336078,0.0,0,0.0,0.0,0,0,0.0,0,0.0,0.0,11.336785877934737,1.3921472236645345,2.083333333333333,0,0.0,0.0,0
131,6989,CC1=CC(=C(C=C1)C(C)C)O,1.3135408145442324,-0.004433024182454288,0,0.0,0.4,0,11.126902983393991,2.9039999999999995,0,0.0,0,0.07589285714285712,0,0.04870343717792167,1.4948158058415584,0.3391535689598159,0.0,0.0,72.33297339999999,-0.9625662336000005,0.0,0,0.0,0,-229.2186954831999,0,0,3.4830741894285686,0,0,0,0.0,11.6674178794453,5.749511833283905,0.04933333333333333,0,17.331199999999995,0.0,0,0.0,0.1913454976000009,0,0,0.0,0,0.0,0.07870370370370372,6.06636706846161,1.1829661954675212,2.4371592600346954,0,5.749511833283905,0.0,0
132,10722,CC1=CC=CC=C1C=O,1.364558366907708,-9.407108243390096e-06,0,0.0,0.125,1,17.413063506523546,0.0,0,0.0,0,0.049999999999999996,0,0.04381528525526738,-1.584279542052653e-14,0.2451562963422186,0.0,0.0,84.89021535294115,-0.4047448581314879,0.0,0,0.0,0,-145.23896461245667,0,0,3.2195282822995472,0,1,0,0.0,0.0,6.286160523129555,0.05244444444444444,0,-9.681660899653979,4.794537184071822,0,0.0,-0.052261923875432464,0,0,0.0,0,0.0,0.0625,0.0,1.2639334294856335,2.29725588417896,0,0.0,0.0,0
133,1140,CC1=CC=CC=C1,1.3606538246806383,-0.02060006237516348,0,0.0,0.14285714285714285,0,0.0,0.0,0,0.0,0,0.037500000000000006,0,0.032075014954979206,6.1390423080271015e-15,0.15802600399444178,0.0,0.0,73.78037006666666,0.017707946666665794,0.0,0,0.0,0,-264.7310063466665,0,0,2.498929563690935,0,0,0,0.0,0.0,0.0,0.1111111111111111,0,-11.333333333333332,0.0,0,0.0,0.015494453333332985,0,0,0.0,0,0.0,0.0,0.0,0.9967916319816366,2.1229179499593664,0,0.0,0.0,0
134,1140,CC1=CC=CC=C1,1.3606538246806383,-0.02060006237516348,0,0.0,0.14285714285714285,0,0.0,0.0,0,0.0,0,0.037500000000000006,0,0.032075014954979206,6.1390423080271015e-15,0.15802600399444178,0.0,0.0,73.78037006666666,0.017707946666665794,0.0,0,0.0,0,-264.7310063466665,0,0,2.498929563690935,0,0,0,0.0,0.0,0.0,0.1111111111111111,0,-11.333333333333332,0.0,0,0.0,0.015494453333332985,0,0,0.0,0,0.0,0.0,0.0,0.9967916319816366,2.1229179499593664,0,0.0,0.0,0
135,1146,CN(C)C,1.1102901071181293,-0.00992492738755745,0,0.0,1.0,0,0.0,0.0,0,0.0,0,0.0,0,0.0,-18.608821931362534,0.11111111111111112,21.143015948031568,0.0,51.13983524999998,0.0,0.0,0,0.0,1,-475.47716250887567,0,0,1.1401156785146092,0,0,0,0.0,0.0,0.0,0.0,0,-20.431952662721898,0.0,0,0.0,0.0,0,0,0.0,0,2.0,0.0,0.0,1.1401156785146092,2.3237900077244498,0,0.0,0.0,0
136,7714,CCCCCCCC1CCC(=O)O1,1.2167436549235433,-0.05666444406496015,0,0.0,0.9090909090909091,1,12.841643245852019,-0.9449035812672179,0,0.0,1,0.05176767676767677,0,0.04647312798543377,-1.6806112283684274,0.28649462755798016,0.0,0.0,68.52348293939396,-0.09706036363636371,0.01118827160493827,1,0.013767411726595395,0,-137.9858364793389,0,0,2.9820348341775467,0,0,0,0.012011054421768705,6.4208216229260096,6.103966387748303,0.02277777777777778,0,22.165289256198356,4.794537184071822,0,0.0,-0.1343444628099174,0,0,0.0,0,0.0,0.016944444444444443,0.0,1.2112938253354983,1.8816656228114321,0,0.0,0.0,0
137,5634,C=CCCCCCCCCC(=O)O,1.2167436549235433,-0.08409528866062198,0,0.0,0.7272727272727273,2,19.26246486877803,-4.2558549277297664e-16,0,0.0,0,0.025,0,0.0,-1.7713467669306926,0.23867001899131338,0.0,0.0,64.78533912500002,-0.09706036363636372,0.009876543209876541,1,0.011661807580174929,0,-103.82206814325077,0,0,3.1347107857628815,0,1,0,0.010416666666666666,6.4208216229260096,0.0,0.01777777777777778,0,0.47933884297520557,4.794537184071822,0,0.0,-0.13434446280991738,0,0,0.0,1,0.0,0.013888888888888888,0.0,1.2112938253354983,2.8354061560854147,0,0.0,0.0,0
138,11552,CC(C)CC=O,1.1763453284353114,-0.02736240692134325,0,0.0,0.8,1,6.286160523129555,0.0,0,0.0,0,0.08333333333333333,0,0.0,-6.33033288985765,0.2555318475019817,0.0,0.0,59.352756866666645,-0.5722710000000001,0.0,0,0.0,0,-265.218613859375,0,0,2.7806390622295662,0,1,0,0.0,12.338727669087403,6.286160523129555,0.0,0,-11.0,0.0,0,0.0,0.0,0,0,0.0,0,0.0,0.0,0.0,1.198192411043098,2.6272148478988635,0,0.0,0.0,0
139,10430,CC(C)CC(=O)O,1.1382116738284762,-0.12434536780798583,0,0.0,0.8,1,0.0,0.0,0,0.0,0,0.125,0,0.0,-3.647210700028513,0.3387501674356462,0.0,0.0,67.90470287499998,-1.787210228373702,0.0,1,0.0,0,-398.0176803806228,0,0,2.939829017466402,0,0,0,0.0,0.0,0.0,0.0,0,11.06920415224914,4.794537184071822,0,0.0,0.17388033217993076,0,0,0.0,0,0.0,0.0,0.0,1.3328204045850196,2.9532231745612925,0,0.0,0.0,0
140,7921,CC1CCC(=O)O1,1.2189889293961942,-0.08856799575288729,0,0.0,0.8,1,6.4208216229260096,0.0,0,0.0,1,0.1423611111111111,0,0.024056261216234408,-3.4373896024521797,0.4086173619749459,0.0,0.0,83.36034366666668,-0.27967616,0.0,1,0.0,0,-362.70844428,0,0,3.3232314287976203,0,0,0,0.0,6.4208216229260096,0.0,0.0,0,11.280000000000003,4.794537184071822,0,0.0,0.0,0,0,0.0,0,0.0,0.0,0.0,1.3995812306460644,2.2571532373031413,0,0.0,6.103966387748303,0
141,1183,COC1=C(C=CC(=C1)C=O)O,1.338801329605295,0.3736597851513594,0,0.0,0.125,1,0.0,3.6869806094182835,0,0.0,0,0.04910714285714285,0,0.034468103478167096,0.15928308701690655,0.2150342417119097,7.109797541277533,0.0,98.91481110526315,-0.026084664819944557,0.0,0,0.0,0,-115.2232779916899,0,0,3.7474130395316396,0,1,0,0.0,17.599123848110455,6.286160523129555,0.0637037037037037,0,-13.767313019390587,4.794537184071822,0,0.0,0.9187624598337939,0,0,0.0,0,0.0,0.04722222222222223,0.0,1.4713544870139295,2.3738557316390883,0,11.49902366656781,7.109797541277533,0
142,31211,CC(=O)CCC1=CC(=C(C=C1)O)OC,1.3078663358807436,0.29518183472335413,0,0.0,0.36363636363636365,0,5.563451491696996,-1.75,0,0.0,0,0.04044117647058823,0,0.0375895600252725,-0.26363781552585397,0.20209512644843988,7.109797541277533,0.0,85.17201078571432,-0.3764417142857151,0.0,1,0.025408163265306122,0,-387.25917383163267,0,0,4.012188403968661,0,0,0,0.030092592592592594,18.591155079135923,5.783244946364939,0.05641025641025641,0,-7.877551020408159,0.0,0,0.0,-0.6814313469387752,0,0,0.0,0,0.0,0.02904040404040404,25.122838405075452,1.3747976286297399,2.2742803305716635,0,11.49902366656781,7.109797541277533,0
143,6537503,CCC(O)OC(CC)O,1.0572751289254696,-0.16145940500926154,0,0.0,1.0,0,0.0,2.2230623818525523,0,0.0,0,0.0625,0,0.0,-4.37028453583617,0.1792324752046961,0.0,0.0,69.23870363636364,-0.5444959697542537,0.0,0,0.0,0,23.991205228733413,0,0,2.9796586949993205,0,0,0,0.0,12.841643245852019,0.0,0.04000000000000001,0,23.408317580340263,0.0,0,0.0,-0.4145078941398884,0,0,0.0,0,0.0,0.013888888888888888,13.847474399381248,1.3249692858267144,3.223046904490619,0,0.0,0.0,0
